"occupation_id","evidence_id","employer_name","job_title","source_url","source_kind","task_statement","task_family_id","task_type","importance","frequency","review_status","source_confidence","notes"
"occ_23_1011_00","jd_law_01","Alchemy","Associate General Counsel","https://boards.greenhouse.io/embed/job_app?token=4556627005","public_job_posting","Guide product, engineering, and business teams on launches or operational changes by translating evolving regulations into practical decisions and approval steps.","cluster_decision_support","Core","0.86","0.62","reviewed_for_gap_fill","0.82","reviewed_public_job_posting|review_batch=pilot_2026_03|source_refs=law_02|law_03|law_05"
"occ_23_1011_00","jd_law_02","Instawork","Senior Commercial Counsel","https://boards.greenhouse.io/embed/job_app?gh_src=dd8f22f76us&source=LinkedIn&token=4436009006","public_job_posting","Build and maintain legal playbooks, templates, policies, and training materials that let business teams move faster without losing control discipline.","cluster_oversight_strategy","Core","0.82","0.56","reviewed_for_gap_fill","0.80","reviewed_public_job_posting|review_batch=pilot_2026_03|source_refs=law_01|law_04|law_05"
"occ_23_1011_00","jd_law_03","Affirm","Senior Counsel, Ethics & Employment","https://boards.greenhouse.io/embed/job_app?token=7239490003","public_job_posting","Lead investigations, audits, or other high-risk escalations and coordinate internal stakeholders and outside counsel through resolution.","cluster_qa_review","Core","0.80","0.48","reviewed_for_gap_fill","0.80","reviewed_public_job_posting|review_batch=pilot_2026_03|source_refs=law_01|law_02|law_05"
"occ_23_1011_00","jd_law_04","Fullscript","Senior Counsel, Commercial, Data and Strategic Partnerships","https://jobs.lever.co/fullscript/11637385-5e01-4aec-a0a3-dc4ea2ee4f76","public_job_posting","Structure strategic partnerships, data arrangements, or complex commercial initiatives so growth goals stay aligned with legal and compliance constraints.","cluster_decision_support","Core","0.84","0.50","reviewed_for_gap_fill","0.81","reviewed_public_job_posting|review_batch=pilot_2026_03|source_refs=law_03|law_04|law_05"
"occ_15_2051_00","jd_ds_01","Xero","Sr. Data Scientist (Product Data Science)","https://jobs.lever.co/xero/0df9a23e-59e5-4280-83a9-bc9f3fcf07b9","public_job_posting","Define hypotheses, success metrics, and experiment designs with product or business stakeholders before building analytical solutions.","cluster_decision_support","Core","0.84","0.60","reviewed_for_gap_fill","0.82","reviewed_public_job_posting|review_batch=pilot_2026_03|source_refs=ds_02|ds_05"
"occ_15_2051_00","jd_ds_02","SpyCloud","Senior Data Scientist","https://boards.greenhouse.io/embed/job_app?token=6651905003","public_job_posting","Identify and prototype new data sources, features, or instrumentation required to make models viable and scalable in production settings.","cluster_research_synthesis","Core","0.80","0.52","reviewed_for_gap_fill","0.81","reviewed_public_job_posting|review_batch=pilot_2026_03|source_refs=ds_01|ds_02|ds_04"
"occ_15_2051_00","jd_ds_03","Samba TV","Senior Data Scientist, Measurement","https://jobs.lever.co/sambatv/c9666321-7b7a-4229-844d-4b72ca7321b1","public_job_posting","Partner with engineering and platform teams to productionize, deploy, and monitor models or data pipelines in live systems.","cluster_coordination","Core","0.82","0.58","reviewed_for_gap_fill","0.82","reviewed_public_job_posting|review_batch=pilot_2026_03|source_refs=ds_01|ds_04|ds_05"
"occ_15_2051_00","jd_ds_04","Fullscript","Lead Data Scientist","https://jobs.lever.co/fullscript/5ec81b29-153d-4483-a7ba-b4f1d8397512","public_job_posting","Set methodological standards, documentation, and feedback loops that keep models interpretable, auditable, and decision-useful after launch.","cluster_qa_review","Core","0.81","0.50","reviewed_for_gap_fill","0.80","reviewed_public_job_posting|review_batch=pilot_2026_03|source_refs=ds_01|ds_03|ds_04"
"occ_13_1111_00","jd_ma_01","Brighte","Business Analyst","https://jobs.lever.co/brighte/973dbce1-6fbc-4049-acc6-92ab5bdacfb4","public_job_posting","Translate business needs into scoped requirements, process maps, and decision-ready business cases for cross-functional initiatives.","cluster_decision_support","Core","0.82","0.58","reviewed_for_gap_fill","0.81","reviewed_public_job_posting|review_batch=pilot_2026_03|source_refs=ma_01|ma_02|ma_03"
"occ_13_1111_00","jd_ma_02","Lumafield","Senior Business Operations Analyst","https://jobs.lever.co/lumafield/6c7fa613-b50d-4faa-9895-0bbe098bde48","public_job_posting","Validate process or system changes through pilots, testing, or rollout checkpoints before wider implementation.","cluster_qa_review","Core","0.76","0.48","reviewed_for_gap_fill","0.77","reviewed_public_job_posting|review_batch=pilot_2026_03|source_refs=ma_01|ma_04|ma_05"
"occ_13_1111_00","jd_ma_03","Valence","Strategy & Operations Associate","https://jobs.lever.co/valence/f2422f63-427a-4f20-a147-0bb2b07eaa2a","public_job_posting","Drive adoption by aligning stakeholders, documenting decisions, and closing execution gaps after recommendations are approved.","cluster_coordination","Core","0.80","0.60","reviewed_for_gap_fill","0.80","reviewed_public_job_posting|review_batch=pilot_2026_03|source_refs=ma_03|ma_04|ma_05"
"occ_13_1111_00","jd_ma_04","Shield AI","Lead, Strategy & Operations","https://jobs.lever.co/shieldai/ca460f45-c2f4-4b58-bfd3-dd6a2cfdccf8","public_job_posting","Build repeatable operating playbooks, tooling, or governance rhythms that sustain improvements after the initial project push.","cluster_oversight_strategy","Core","0.78","0.46","reviewed_for_gap_fill","0.79","reviewed_public_job_posting|review_batch=pilot_2026_03|source_refs=ma_01|ma_02|ma_05"
"occ_27_3042_00","jd_tw_01","Pleo","Senior Tech Writer","https://boards.greenhouse.io/embed/job_app?token=6661087003","public_job_posting","Own information architecture, style standards, and content governance so documentation remains consistent, discoverable, and useful across products.","cluster_oversight_strategy","Core","0.80","0.50","reviewed_for_gap_fill","0.81","reviewed_public_job_posting|review_batch=pilot_2026_03|source_refs=tw_01|tw_04|tw_05"
"occ_27_3042_00","jd_tw_02","Linda Werner & Associates","API Technical Writer V","https://boards.greenhouse.io/embed/job_app?token=4885968008","public_job_posting","Create developer-facing examples, tutorials, and code samples that show how to use product capabilities in real workflows.","cluster_drafting","Core","0.78","0.56","reviewed_for_gap_fill","0.80","reviewed_public_job_posting|review_batch=pilot_2026_03|source_refs=tw_02|tw_03|tw_05"
"occ_27_3042_00","jd_tw_03","Veeva Systems","Technical Writer","https://jobs.lever.co/veeva/19c6b0c9-1bc9-4640-91b7-d429bf26df85","public_job_posting","Test new features, gather user or stakeholder feedback, and revise documentation before release so people can complete tasks successfully.","cluster_qa_review","Core","0.80","0.54","reviewed_for_gap_fill","0.80","reviewed_public_job_posting|review_batch=pilot_2026_03|source_refs=tw_01|tw_04|tw_05"
"occ_27_3042_00","jd_tw_04","Kizen","Senior Technical Writer","https://boards.greenhouse.io/embed/job_app?token=4673042008","public_job_posting","Manage documentation as a product workflow across releases, including contributor coordination, publication timing, and lifecycle tracking.","cluster_workflow_admin","Core","0.74","0.58","reviewed_for_gap_fill","0.78","reviewed_public_job_posting|review_batch=pilot_2026_03|source_refs=tw_01|tw_02|tw_04"
"occ_41_3091_00","jd_sr_01","A.Team","Enterprise Account Executive","https://jobs.lever.co/a/07defe7a-bf3e-4bf9-acc5-f5802b2e37a5","public_job_posting","Run multi-stakeholder discovery that surfaces business pain, buying criteria, and solution fit across executive and operator contacts.","cluster_client_interaction","Core","0.84","0.62","reviewed_for_gap_fill","0.81","reviewed_public_job_posting|review_batch=pilot_2026_03|source_refs=sr_01|sr_03|sr_05"
"occ_41_3091_00","jd_sr_02","Octopus Deploy","Enterprise Growth Account Executive","https://jobs.lever.co/octopus/33eb4717-6588-497c-a24a-dbe2e1a05b48","public_job_posting","Build account plans, self-sourced pipeline, and forecast updates that keep leadership and internal partners aligned on deal progress.","cluster_workflow_admin","Core","0.76","0.64","reviewed_for_gap_fill","0.79","reviewed_public_job_posting|review_batch=pilot_2026_03|source_refs=sr_01|sr_04|sr_05"
"occ_41_3091_00","jd_sr_03","FloQast","Account Executive, Enterprise Accounts","https://jobs.lever.co/floqast/46fe0359-9db0-4af1-9531-b41c5c29f473","public_job_posting","Orchestrate internal partners across product, solutions, legal, procurement, and implementation to move complex deals to close.","cluster_coordination","Core","0.82","0.58","reviewed_for_gap_fill","0.82","reviewed_public_job_posting|review_batch=pilot_2026_03|source_refs=sr_02|sr_03|sr_04"
"occ_41_3091_00","jd_sr_04","H1","Enterprise Account Executive","https://jobs.lever.co/h1/60e7b3d3-c402-45b1-a590-9a7d649dba6b","public_job_posting","Manage post-sale handoff and early expansion planning so new customers adopt successfully and the account can grow over time.","cluster_relationship_management","Core","0.78","0.52","reviewed_for_gap_fill","0.80","reviewed_public_job_posting|review_batch=pilot_2026_03|source_refs=sr_02|sr_04|sr_05"
"occ_43_4051_00","jd_cs_01","WeSalute","Customer Support Representative","https://jobs.lever.co/WeSalute/5b6cdb4e-049e-48a2-b9d1-eaa0e53556df","public_job_posting","Troubleshoot product or account issues across channels and guide customers through root-cause resolution rather than only recording the complaint.","cluster_client_interaction","Core","0.80","0.66","reviewed_for_gap_fill","0.81","reviewed_public_job_posting|review_batch=second_tranche_2026_03|source_refs=cs_01|cs_02|cs_03"
"occ_43_4051_00","jd_cs_02","Glue","Customer Support Specialist","https://jobs.lever.co/gluegroups/5b779c9a-1593-497e-a157-0f2bba954f7c","public_job_posting","Manage ticket queues, service levels, and escalation paths so urgent issues reach the right internal owners quickly.","cluster_coordination","Core","0.78","0.64","reviewed_for_gap_fill","0.80","reviewed_public_job_posting|review_batch=second_tranche_2026_03|source_refs=cs_01|cs_02|cs_04"
"occ_43_4051_00","jd_cs_03","Circadia Health","Customer Support Representative","https://jobs.lever.co/circadiahealth/fcee14a3-a7de-4f2d-87bb-fd5147aca1cf","public_job_posting","Document recurring issue patterns, build self-service guidance, and feed product or workflow fixes back into the support system.","cluster_documentation","Core","0.74","0.58","reviewed_for_gap_fill","0.79","reviewed_public_job_posting|review_batch=second_tranche_2026_03|source_refs=cs_01|cs_03|cs_04"
"occ_43_4051_00","jd_cs_04","Instructure","Customer Support Engineer","https://jobs.lever.co/instructure/f36ac629-1f3e-4e26-bee5-dae65401669a","public_job_posting","Identify repetitive support failures and implement process or automation improvements that reduce avoidable inbound work.","cluster_qa_review","Core","0.72","0.50","reviewed_for_gap_fill","0.78","reviewed_public_job_posting|review_batch=second_tranche_2026_03|source_refs=cs_02|cs_03|cs_04"
"occ_13_1082_00","jd_pm_01","AHEAD","Project Coordinator","https://jobs.lever.co/thinkahead/8ba257fd-b18a-4937-ab13-40ce0a04af39","public_job_posting","Translate project goals into clear workstreams, meeting cadences, task owners, and action tracking across internal and client teams.","cluster_coordination","Core","0.82","0.64","reviewed_for_gap_fill","0.81","reviewed_public_job_posting|review_batch=second_tranche_2026_03|source_refs=pm_01|pm_03|pm_04"
"occ_13_1082_00","jd_pm_02","Apply Digital","Senior Project Manager","https://jobs.lever.co/applydigital/48872d58-ec7b-4e68-abed-1608ee9996d2","public_job_posting","Manage risks, dependencies, and escalations across multiple stakeholders when delivery tradeoffs threaten scope, quality, or timing.","cluster_oversight_strategy","Core","0.84","0.58","reviewed_for_gap_fill","0.82","reviewed_public_job_posting|review_batch=second_tranche_2026_03|source_refs=pm_01|pm_02|pm_04"
"occ_13_1082_00","jd_pm_03","Jobgether","Project Coordinator","https://jobs.lever.co/jobgether/cdbe37f4-3564-4cdc-8151-b089cb76b839","public_job_posting","Maintain project systems, reporting, and budget or resource trackers that keep distributed teams aligned on status and next actions.","cluster_workflow_admin","Core","0.76","0.62","reviewed_for_gap_fill","0.79","reviewed_public_job_posting|review_batch=second_tranche_2026_03|source_refs=pm_02|pm_03|pm_04"
"occ_13_1082_00","jd_pm_04","Avalere Health","Project Manager","https://jobs.lever.co/avalerehealth/22f9f7ba-99ba-4f63-9827-4955348e0533","public_job_posting","Turn status, dependencies, and delivery tradeoffs into decision-ready updates for leaders or clients so projects keep moving.","cluster_decision_support","Core","0.78","0.56","reviewed_for_gap_fill","0.80","reviewed_public_job_posting|review_batch=second_tranche_2026_03|source_refs=pm_01|pm_02|pm_04"
"occ_13_2011_00","jd_acc_01","Revel Labs","Senior Accountant","https://jobs.lever.co/revellabs/6c64f8f7-1f5c-49a4-b3ee-f6f4f1f7af95","public_job_posting","Own close-related reconciliations, journal entries, and review checkpoints that keep month-end reporting accurate and timely.","cluster_qa_review","Core","0.82","0.62","reviewed_for_gap_fill","0.81","reviewed_public_job_posting|review_batch=second_tranche_2026_03|source_refs=acc_01|acc_03|acc_04"
"occ_13_2011_00","jd_acc_02","AppZen","Senior Accountant","https://jobs.lever.co/appzen/391b2245-3f5a-40de-b0a0-e212cb6c3116","public_job_posting","Partner with cross-functional teams to improve accounting systems, close workflows, and internal controls as the business scales.","cluster_oversight_strategy","Core","0.80","0.54","reviewed_for_gap_fill","0.80","reviewed_public_job_posting|review_batch=second_tranche_2026_03|source_refs=acc_01|acc_02|acc_04"
"occ_13_2011_00","jd_acc_03","DigitalOcean","Senior Accountant II, GL","https://jobs.lever.co/digitalocean/a2f3b34d-7ddb-4c67-8c4a-e26ede801e44","public_job_posting","Prepare audit-ready support, policy documentation, and controls evidence for internal and external review cycles.","cluster_documentation","Core","0.76","0.52","reviewed_for_gap_fill","0.79","reviewed_public_job_posting|review_batch=second_tranche_2026_03|source_refs=acc_01|acc_03|acc_04"
"occ_13_2011_00","jd_acc_04","Medely","Senior Corporate Accountant","https://jobs.lever.co/medely/242fe0a6-aa29-40af-b1e8-bff867b7b0b8","public_job_posting","Analyze unusual transactions, policy edge cases, or control breakdowns and escalate them into accountable financial judgments.","cluster_decision_support","Core","0.80","0.46","reviewed_for_gap_fill","0.80","reviewed_public_job_posting|review_batch=second_tranche_2026_03|source_refs=acc_02|acc_03|acc_04"
"occ_13_1199_00","jd_bo_01","Rillet","Business Operations Associate","https://jobs.lever.co/rillet/c5741970-b3a3-4d67-978a-24ef9d5964a7","public_job_posting","Build recurring operating reports, forecasts, and leadership updates that turn messy business signals into decision-ready summaries.","cluster_decision_support","Core","0.78","0.60","reviewed_for_gap_fill","0.79","reviewed_public_job_posting|review_batch=second_tranche_2026_03|source_refs=bo_01|bo_02|bo_04"
"occ_13_1199_00","jd_bo_02","Camber","Business Operations Analyst, Commercial Strategy","https://jobs.lever.co/camber/3746ff75-5db8-4b86-886a-44de251a0e21","public_job_posting","Design or refine cross-functional processes, tooling, and operating cadences that reduce manual work and make execution scale.","cluster_oversight_strategy","Core","0.80","0.56","reviewed_for_gap_fill","0.80","reviewed_public_job_posting|review_batch=second_tranche_2026_03|source_refs=bo_01|bo_02|bo_03"
"occ_13_1199_00","jd_bo_03","Venteur","Technical Operations Specialist","https://jobs.lever.co/venteur/edfc0018-b4b3-4699-b9d4-23b983be754c","public_job_posting","Own vendor, compliance, or internal service workflows that require follow-through across finance, people, and operating teams.","cluster_coordination","Core","0.76","0.62","reviewed_for_gap_fill","0.79","reviewed_public_job_posting|review_batch=second_tranche_2026_03|source_refs=bo_02|bo_03|bo_04"
"occ_13_1199_00","jd_bo_04","Saviynt","Global Entity & Compliance Associate","https://jobs.lever.co/saviynt/6cd6e28d-97bb-42ec-a894-454e16f27aa8","public_job_posting","Identify broken operational workflows and implement automation or control improvements before they create downstream exceptions.","cluster_analysis","Core","0.82","0.52","reviewed_for_gap_fill","0.79","reviewed_public_job_posting|review_batch=second_tranche_2026_03|source_refs=bo_01|bo_03|bo_04"
"occ_23_2011_00","jd_para_01","Parnall Law","Legal Assistant / Paralegal","https://jobs.lever.co/parnalllaw/3a1850f0-8dc9-4224-930f-a75d60752408","public_job_posting","Maintain case-management systems, monitor deadlines, and keep attorneys informed when filings, discovery, or client milestones shift.","cluster_workflow_admin","Core","0.80","0.66","reviewed_for_gap_fill","0.80","reviewed_public_job_posting|review_batch=second_tranche_2026_03|source_refs=para_01|para_02|para_04"
"occ_23_2011_00","jd_para_02","Rivkin Radler","Paralegal - Tax & Trusts","https://jobs.lever.co/rivkinradler/f01ef36a-f1ef-4285-aa4e-2509d4d18122","public_job_posting","Track and organize matter materials, signatures, and supporting records so transactions or filings are execution-ready.","cluster_documentation","Core","0.78","0.62","reviewed_for_gap_fill","0.79","reviewed_public_job_posting|review_batch=second_tranche_2026_03|source_refs=para_01|para_02|para_03"
"occ_23_2011_00","jd_para_03","Parnall Law","Legal Assistant / Paralegal","https://jobs.lever.co/parnalllaw/3a1850f0-8dc9-4224-930f-a75d60752408","public_job_posting","Prepare attorney-ready packets, draft client-facing correspondence, and move routine procedural work forward under supervision.","cluster_drafting","Core","0.78","0.60","reviewed_for_gap_fill","0.79","reviewed_public_job_posting|review_batch=second_tranche_2026_03|source_refs=para_01|para_03|para_04"
"occ_23_2011_00","jd_para_04","NewsBreak","Paralegal / Legal Operations Specialist","https://jobs.lever.co/newsbreak/617a9a6e-8165-44c2-8ca4-7ac4d191c76a","public_job_posting","Coordinate contract lifecycle or legal-operations workflows across attorneys, business stakeholders, and external counterparties.","cluster_coordination","Core","0.76","0.56","reviewed_for_gap_fill","0.79","reviewed_public_job_posting|review_batch=second_tranche_2026_03|source_refs=para_02|para_03|para_04"
"occ_13_1071_00","jd_hr_01","Instacart","HR Generalist","https://boards.greenhouse.io/instacart/jobs/7592372","public_job_posting","Advise managers and employees on employee relations, compensation, performance, policy, or leave issues while applying HR laws and company processes.","cluster_decision_support","Core","0.82","0.60","reviewed_for_gap_fill","0.82","reviewed_public_job_posting|review_batch=third_tranche_2026_03|source_refs=hr_01|hr_02|hr_03"
"occ_13_1071_00","jd_hr_02","Jobgether","Coordinator, People Operations","https://jobs.lever.co/jobgether/569cd860-5d25-4415-867c-b2a749e6a7d9","public_job_posting","Run onboarding, offboarding, payroll, contract, and HRIS record processes that keep employee data and employee transitions accurate.","cluster_workflow_admin","Core","0.80","0.66","reviewed_for_gap_fill","0.81","reviewed_public_job_posting|review_batch=third_tranche_2026_03|source_refs=hr_01|hr_02|hr_03"
"occ_13_1071_00","jd_hr_03","Figma","Business Recruiter","https://boards.greenhouse.io/figma/jobs/5754209004","public_job_posting","Partner with leaders on hiring strategy, candidate pipelines, and full-cycle recruiting for priority roles or organizational changes.","cluster_coordination","Core","0.78","0.58","reviewed_for_gap_fill","0.80","reviewed_public_job_posting|review_batch=third_tranche_2026_03|source_refs=hr_02|hr_03|hr_04"
"occ_13_1071_00","jd_hr_04","Instacart","HR Business Partner II","https://boards.greenhouse.io/instacart/jobs/7617000","public_job_posting","Identify and improve people programs and operating processes using employee feedback, business needs, and legal or policy requirements.","cluster_oversight_strategy","Core","0.78","0.52","reviewed_for_gap_fill","0.80","reviewed_public_job_posting|review_batch=third_tranche_2026_03|source_refs=hr_01|hr_02|hr_04"
"occ_13_1151_00","jd_td_01","Veeva Systems","Technical Curriculum Developer - Enterprise Software","https://jobs.lever.co/veeva/41ba9c5b-0730-4eaa-a68a-00d640740321","public_job_posting","Translate complex product or process changes into curriculum, courseware, and learning paths for different learner personas.","cluster_drafting","Core","0.80","0.58","reviewed_for_gap_fill","0.81","reviewed_public_job_posting|review_batch=third_tranche_2026_03|source_refs=td_01|td_02|td_03"
"occ_13_1151_00","jd_td_02","Veeva Systems","eLearning Curriculum Developer - Veeva Safety","https://jobs.lever.co/veeva/8ade6d2a-befa-465c-8ef7-e5f7080a5ed1","public_job_posting","Build hands-on labs, simulations, eLearning modules, and instructor-led materials that let users practice real workflows.","cluster_documentation","Core","0.78","0.56","reviewed_for_gap_fill","0.80","reviewed_public_job_posting|review_batch=third_tranche_2026_03|source_refs=td_01|td_02|td_03"
"occ_13_1151_00","jd_td_03","Jobgether","Instructional Designer","https://jobs.lever.co/jobgether/2a2da551-f44f-46ec-8871-20675f959c29","public_job_posting","Coordinate with product, engineering, customer success, or enablement leaders to validate training accuracy and release readiness.","cluster_coordination","Core","0.76","0.54","reviewed_for_gap_fill","0.80","reviewed_public_job_posting|review_batch=third_tranche_2026_03|source_refs=td_01|td_03|td_04"
"occ_13_1151_00","jd_td_04","Aircall","Team Lead, Product Enablement & Education","https://jobs.lever.co/aircall/7b2d4b68-c277-4bd8-88cf-1595959c3724","public_job_posting","Measure training effectiveness with feedback, assessments, and adoption metrics, then update programs and materials accordingly.","cluster_analysis","Core","0.74","0.48","reviewed_for_gap_fill","0.79","reviewed_public_job_posting|review_batch=third_tranche_2026_03|source_refs=td_01|td_03|td_04"
"occ_13_1161_00","jd_mk_01","FreedomPay","Marketing Analyst","https://jobs.lever.co/freedompay/d4e76479-f3c4-439e-8dfb-e43be45baa2e","public_job_posting","Build marketing performance, attribution, and funnel reporting that turns campaign and GTM data into decision-ready insights.","cluster_analysis","Core","0.82","0.60","reviewed_for_gap_fill","0.81","reviewed_public_job_posting|review_batch=third_tranche_2026_03|source_refs=mk_01|mk_02|mk_03"
"occ_13_1161_00","jd_mk_02","Brex","Senior Marketing Operations Manager, B2B Sales","https://boards.greenhouse.io/brex/jobs/8380680002","public_job_posting","Own marketing automation, CRM workflows, and data hygiene so campaigns, segmentation, and reporting run reliably.","cluster_workflow_admin","Core","0.80","0.58","reviewed_for_gap_fill","0.80","reviewed_public_job_posting|review_batch=third_tranche_2026_03|source_refs=mk_01|mk_02|mk_04"
"occ_13_1161_00","jd_mk_03","Instacart","Senior Marketing Analyst (Multiple Levels)","https://boards.greenhouse.io/instacart/jobs/7562845","public_job_posting","Coordinate lifecycle, lead-management, and sales handoff processes across marketing, sales, and product teams.","cluster_coordination","Core","0.78","0.56","reviewed_for_gap_fill","0.80","reviewed_public_job_posting|review_batch=third_tranche_2026_03|source_refs=mk_02|mk_03|mk_04"
"occ_13_1161_00","jd_mk_04","Samsara","Marketing Operations Manager","https://boards.greenhouse.io/samsara/jobs/7681215","public_job_posting","Use testing results and market signals to recommend audience, messaging, or spend-allocation changes.","cluster_decision_support","Core","0.78","0.50","reviewed_for_gap_fill","0.80","reviewed_public_job_posting|review_batch=third_tranche_2026_03|source_refs=mk_01|mk_03|mk_04"
"occ_15_1211_00","jd_sa_01","Aircall","Senior / Staff Business Systems Analyst","https://jobs.lever.co/aircall/cad56454-52d0-41e0-84c0-ad043bc50e6d","public_job_posting","Map business processes and translate stakeholder requirements into system designs, configurations, and implementation plans.","cluster_decision_support","Core","0.82","0.60","reviewed_for_gap_fill","0.81","reviewed_public_job_posting|review_batch=third_tranche_2026_03|source_refs=sa_01|sa_02|sa_03"
"occ_15_1211_00","jd_sa_02","Instacart","Business Systems Analyst II - Order to Cash (O2C)","https://boards.greenhouse.io/instacart/jobs/7697668","public_job_posting","Lead integrations, data-quality fixes, and workflow automation across enterprise or GTM systems.","cluster_oversight_strategy","Core","0.80","0.56","reviewed_for_gap_fill","0.80","reviewed_public_job_posting|review_batch=third_tranche_2026_03|source_refs=sa_01|sa_02|sa_04"
"occ_15_1211_00","jd_sa_03","Veeva Systems","Business Systems Analyst - HR Apps","https://jobs.lever.co/veeva/db4d0eef-f29c-4b96-8c8f-8e45f82c872c","public_job_posting","Run testing, release validation, and issue triage so system changes land correctly in live operations.","cluster_qa_review","Core","0.78","0.54","reviewed_for_gap_fill","0.80","reviewed_public_job_posting|review_batch=third_tranche_2026_03|source_refs=sa_01|sa_02|sa_03"
"occ_15_1211_00","jd_sa_04","Jobgether","Senior Systems Analyst (Remote)","https://jobs.lever.co/jobgether/1f47207a-32fd-4532-b24e-e5d752de5fee","public_job_posting","Maintain system documentation, change-management materials, and user training for adopted workflows.","cluster_documentation","Core","0.74","0.50","reviewed_for_gap_fill","0.79","reviewed_public_job_posting|review_batch=third_tranche_2026_03|source_refs=sa_02|sa_03|sa_04"
"occ_15_1252_00","jd_sd_01","Valence","Senior Software Engineer, Full Stack","https://jobs.lever.co/valence/7354cba0-cf12-49b1-9e02-9be2670b0aec","public_job_posting","Architect and build end-to-end product features spanning backend services, APIs, integrations, and user interfaces.","cluster_drafting","Core","0.84","0.62","reviewed_for_gap_fill","0.82","reviewed_public_job_posting|review_batch=third_tranche_2026_03|source_refs=sd_01|sd_02|sd_03"
"occ_15_1252_00","jd_sd_02","Brex","Software Engineer II, Activation","https://boards.greenhouse.io/brex/jobs/8340253002","public_job_posting","Own testing, deployment, observability, and production debugging so new code remains reliable after release.","cluster_qa_review","Core","0.82","0.58","reviewed_for_gap_fill","0.81","reviewed_public_job_posting|review_batch=third_tranche_2026_03|source_refs=sd_01|sd_02|sd_04"
"occ_15_1252_00","jd_sd_03","NewsBreak","Software Engineer, Web","https://boards.greenhouse.io/newsbreak/jobs/4639827006","public_job_posting","Work with product, design, data, and infrastructure partners to scope problems and deliver usable solutions.","cluster_coordination","Core","0.78","0.60","reviewed_for_gap_fill","0.80","reviewed_public_job_posting|review_batch=third_tranche_2026_03|source_refs=sd_01|sd_03|sd_04"
"occ_15_1252_00","jd_sd_04","Equativ","Backend Engineer (Golang)","https://jobs.lever.co/equativ/492f8917-fd29-46ab-b47c-e60873fd53a9","public_job_posting","Shape engineering standards, CI/CD automation, performance, security, and technical roadmap as systems scale.","cluster_oversight_strategy","Core","0.80","0.50","reviewed_for_gap_fill","0.80","reviewed_public_job_posting|review_batch=third_tranche_2026_03|source_refs=sd_01|sd_02|sd_04"
"occ_11_1021_00","jd_gm_01","Samsara","Business Operations Manager - GTM","https://boards.greenhouse.io/samsara/jobs/7271233","public_job_posting","Own cross-functional operating programs from problem definition through execution, with milestones, operating cadences, and escalation paths.","cluster_coordination","Core","0.82","0.62","reviewed_for_gap_fill","0.81","reviewed_public_job_posting|review_batch=fourth_tranche_2026_03|source_refs=gm_01|gm_02|gm_04"
"occ_11_1021_00","jd_gm_02","Figma","Operations Program Manager","https://boards.greenhouse.io/figma/jobs/5801730004","public_job_posting","Define success metrics, risks, and process or tooling improvements that let operations scale without losing quality.","cluster_oversight_strategy","Core","0.80","0.56","reviewed_for_gap_fill","0.80","reviewed_public_job_posting|review_batch=fourth_tranche_2026_03|source_refs=gm_01|gm_02|gm_03"
"occ_11_1021_00","jd_gm_03","NewsBreak","Ad Revenue Operations Lead","https://boards.greenhouse.io/newsbreak/jobs/4649186006","public_job_posting","Manage budget-linked operational workflows such as billing, collections, reconciliations, and handoffs between operations and finance.","cluster_workflow_admin","Core","0.78","0.60","reviewed_for_gap_fill","0.79","reviewed_public_job_posting|review_batch=fourth_tranche_2026_03|source_refs=gm_01|gm_03|gm_04"
"occ_11_1021_00","jd_gm_04","Discord","Workplace Operations Program Manager","https://boards.greenhouse.io/discord/jobs/8428843002","public_job_posting","Drive policy updates, vendor management, and change adoption so day-to-day operations remain reliable and employee-facing services improve over time.","cluster_decision_support","Core","0.78","0.52","reviewed_for_gap_fill","0.79","reviewed_public_job_posting|review_batch=fourth_tranche_2026_03|source_refs=gm_02|gm_03|gm_04"
"occ_13_2051_00","jd_fa_01","Instacart","Finance Analyst (Strategic Finance - Ads)","https://boards.greenhouse.io/instacart/jobs/7624684","public_job_posting","Build and maintain driver-based revenue or spend forecasts that connect operating assumptions to financial outcomes.","cluster_analysis","Core","0.82","0.62","reviewed_for_gap_fill","0.81","reviewed_public_job_posting|review_batch=fourth_tranche_2026_03|source_refs=fa_01|fa_02|fa_04"
"occ_13_2051_00","jd_fa_02","Instacart","Financial Analyst II — Strategic Finance (Fulfillment)","https://boards.greenhouse.io/instacart/jobs/7630211","public_job_posting","Turn operational trends into scenario analyses and executive-ready narratives that guide resourcing and investment choices.","cluster_decision_support","Core","0.80","0.56","reviewed_for_gap_fill","0.80","reviewed_public_job_posting|review_batch=fourth_tranche_2026_03|source_refs=fa_01|fa_02|fa_03"
"occ_13_2051_00","jd_fa_03","Discord","Senior Financial Analyst","https://boards.greenhouse.io/discord/jobs/8335879002","public_job_posting","Partner with finance, accounting, product, and talent teams on headcount planning, expense forecasting, and resource allocation.","cluster_coordination","Core","0.78","0.58","reviewed_for_gap_fill","0.80","reviewed_public_job_posting|review_batch=fourth_tranche_2026_03|source_refs=fa_02|fa_03|fa_04"
"occ_13_2051_00","jd_fa_04","Figma","Strategic Finance","https://boards.greenhouse.io/figma/jobs/5792631004","public_job_posting","Improve planning, close, and reporting processes through automation, stronger models, and more decision-useful dashboards.","cluster_workflow_admin","Core","0.76","0.52","reviewed_for_gap_fill","0.79","reviewed_public_job_posting|review_batch=fourth_tranche_2026_03|source_refs=fa_01|fa_03|fa_04"
"occ_15_2031_00","jd_or_01","Instacart","Sr. Decision Scientist, Platform Excellence Ops Analytics","https://boards.greenhouse.io/instacart/jobs/7597008","public_job_posting","Build advanced analytical, forecasting, or optimization models that improve operational quality, efficiency, or business performance.","cluster_analysis","Core","0.84","0.60","reviewed_for_gap_fill","0.82","reviewed_public_job_posting|review_batch=fourth_tranche_2026_03|source_refs=or_01|or_02|or_03"
"occ_15_2031_00","jd_or_02","Instacart","Product Analytics (Strategy and Analytics) – Category Growth & Shopping Marketplace, Core Experience","https://boards.greenhouse.io/instacart/jobs/7562857","public_job_posting","Define north-star metrics, guardrails, and measurement plans for product or operational changes and prioritize high-impact analyses.","cluster_qa_review","Core","0.82","0.56","reviewed_for_gap_fill","0.81","reviewed_public_job_posting|review_batch=fourth_tranche_2026_03|source_refs=or_01|or_02|or_04"
"occ_15_2031_00","jd_or_03","Affirm","Analyst II, Quantitative Modeling & Forecasting","https://boards.greenhouse.io/affirm/jobs/7631911003","public_job_posting","Partner with stakeholders to frame planning problems, interpret model outputs, and turn them into operational or financial decisions.","cluster_decision_support","Core","0.80","0.54","reviewed_for_gap_fill","0.81","reviewed_public_job_posting|review_batch=fourth_tranche_2026_03|source_refs=or_01|or_03|or_04"
"occ_15_2031_00","jd_or_04","Samsara","Sales Operations Analyst","https://boards.greenhouse.io/samsara/jobs/7584414","public_job_posting","Develop scalable data pipelines, diagnostics, and automated reporting that keep analytical systems usable in live decision workflows.","cluster_oversight_strategy","Core","0.78","0.50","reviewed_for_gap_fill","0.79","reviewed_public_job_posting|review_batch=fourth_tranche_2026_03|source_refs=or_02|or_03|or_04"
"occ_15_1254_00","jd_wd_01","NewsBreak","Software Engineer, Web","https://boards.greenhouse.io/newsbreak/jobs/4639827006","public_job_posting","Build responsive web pages, components, and interactive experiences across flagship sites and in-app web surfaces.","cluster_drafting","Core","0.82","0.62","reviewed_for_gap_fill","0.81","reviewed_public_job_posting|review_batch=fourth_tranche_2026_03|source_refs=wd_01|wd_02|wd_03"
"occ_15_1254_00","jd_wd_02","Discord","Senior Software Engineer - Web Platform","https://boards.greenhouse.io/discord/jobs/8399456002","public_job_posting","Improve web performance, reliability, accessibility, and development workflows through platform, tooling, and infrastructure work.","cluster_qa_review","Core","0.82","0.56","reviewed_for_gap_fill","0.81","reviewed_public_job_posting|review_batch=fourth_tranche_2026_03|source_refs=wd_01|wd_02|wd_04"
"occ_15_1254_00","jd_wd_03","Figma","Manager, Web Development","https://boards.greenhouse.io/figma/jobs/5802947004","public_job_posting","Maintain web platform architecture, CMS or deployment systems, and cross-site standards for secure, scalable web delivery.","cluster_oversight_strategy","Core","0.80","0.52","reviewed_for_gap_fill","0.80","reviewed_public_job_posting|review_batch=fourth_tranche_2026_03|source_refs=wd_02|wd_03|wd_04"
"occ_15_1254_00","jd_wd_04","Brex","Software Engineer II, Frontend","https://boards.greenhouse.io/brex/jobs/8310523002","public_job_posting","Work with product, design, and data partners to scope releases and ship high-quality web experiences that meet business goals.","cluster_coordination","Core","0.78","0.58","reviewed_for_gap_fill","0.80","reviewed_public_job_posting|review_batch=fourth_tranche_2026_03|source_refs=wd_01|wd_03|wd_04"
"occ_27_1024_00","jd_gd_01","Superside","Brand Designer","https://jobs.lever.co/superside/848804a3-30a4-4d8e-b874-2d4876ffd2d6","public_job_posting","Create brand and campaign visuals that communicate clearly across digital, advertising, and other high-visibility channels.","cluster_drafting","Core","0.82","0.60","reviewed_for_gap_fill","0.81","reviewed_public_job_posting|review_batch=fourth_tranche_2026_03|source_refs=gd_01|gd_02|gd_03"
"occ_27_1024_00","jd_gd_02","Brex","Senior Brand Designer","https://boards.greenhouse.io/brex/jobs/8393510002","public_job_posting","Develop scalable visual systems, templates, and brand guidelines that keep creative output consistent across formats and teams.","cluster_oversight_strategy","Core","0.80","0.54","reviewed_for_gap_fill","0.80","reviewed_public_job_posting|review_batch=fourth_tranche_2026_03|source_refs=gd_01|gd_02|gd_04"
"occ_27_1024_00","jd_gd_03","Discord","Senior Product Creative Illustrator","https://boards.greenhouse.io/discord/jobs/8404566002","public_job_posting","Design illustrations, iconography, and product graphics that clarify features and adapt coherently across platforms.","cluster_documentation","Core","0.78","0.52","reviewed_for_gap_fill","0.80","reviewed_public_job_posting|review_batch=fourth_tranche_2026_03|source_refs=gd_01|gd_03|gd_04"
"occ_27_1024_00","jd_gd_04","Samsara","Communications Designer","https://boards.greenhouse.io/samsara/jobs/7550382","public_job_posting","Partner with marketing, product, and leadership teams to shape visual narratives, presentations, and final creative deliverables.","cluster_coordination","Core","0.78","0.56","reviewed_for_gap_fill","0.80","reviewed_public_job_posting|review_batch=fourth_tranche_2026_03|source_refs=gd_02|gd_03|gd_04"
"occ_27_3043_00","jd_wa_01","Superside","Conceptual Copywriter","https://jobs.lever.co/superside/6bd888e0-f3fb-4b1a-ab11-f236459caa00","public_job_posting","Write audience-specific copy, campaign messaging, and narrative concepts across digital, email, landing-page, and social formats.","cluster_drafting","Core","0.82","0.60","reviewed_for_gap_fill","0.81","reviewed_public_job_posting|review_batch=fourth_tranche_2026_03|source_refs=wa_01|wa_02|wa_03"
"occ_27_3043_00","jd_wa_02","Riot Games","Principal UX Writer - Riftbound","https://boards.greenhouse.io/riotgames/jobs/7522039","public_job_posting","Translate complex mechanics or product concepts into clear tutorials, UI text, terminology, and explanatory content for end users.","cluster_research_synthesis","Core","0.80","0.56","reviewed_for_gap_fill","0.80","reviewed_public_job_posting|review_batch=fourth_tranche_2026_03|source_refs=wa_01|wa_02|wa_04"
"occ_27_3043_00","jd_wa_03","Figma","Web Content Strategist","https://boards.greenhouse.io/figma/jobs/5736009004","public_job_posting","Define information architecture, user journeys, voice standards, and content strategy that connect writing to business goals.","cluster_oversight_strategy","Core","0.80","0.52","reviewed_for_gap_fill","0.80","reviewed_public_job_posting|review_batch=fourth_tranche_2026_03|source_refs=wa_01|wa_03|wa_04"
"occ_27_3043_00","jd_wa_04","Instacart","Staff Content Designer - Model Design","https://boards.greenhouse.io/instacart/jobs/7571335","public_job_posting","Coordinate revisions, cross-functional review, and publishing pipelines so written content remains clear, consistent, and release-ready.","cluster_coordination","Core","0.78","0.54","reviewed_for_gap_fill","0.80","reviewed_public_job_posting|review_batch=fourth_tranche_2026_03|source_refs=wa_02|wa_03|wa_04"
"occ_41_3011_00","jd_as_01","Brex","Enterprise Account Executive","https://boards.greenhouse.io/brex/jobs/7814866002","public_job_posting","Build and manage pipeline through outbound prospecting, discovery, and multi-stakeholder qualification for large accounts.","cluster_client_interaction","Core","0.82","0.62","reviewed_for_gap_fill","0.81","reviewed_public_job_posting|review_batch=fourth_tranche_2026_03|source_refs=as_01|as_02|as_03"
"occ_41_3011_00","jd_as_02","Figma","Account Executive, Enterprise","https://boards.greenhouse.io/figma/jobs/5426468004","public_job_posting","Create strategic account plans, proposals, and value narratives that match client objectives to the product offering.","cluster_decision_support","Core","0.80","0.56","reviewed_for_gap_fill","0.80","reviewed_public_job_posting|review_batch=fourth_tranche_2026_03|source_refs=as_01|as_02|as_04"
"occ_41_3011_00","jd_as_03","Discord","Account Executive - Tech & Telco","https://boards.greenhouse.io/discord/jobs/8433948002","public_job_posting","Coordinate product, marketing, and internal sales partners to shape pitches, proposals, and new advertising partnerships.","cluster_coordination","Core","0.80","0.54","reviewed_for_gap_fill","0.81","reviewed_public_job_posting|review_batch=fourth_tranche_2026_03|source_refs=as_02|as_03|as_04"
"occ_41_3011_00","jd_as_04","Samsara","Core Enterprise Account Executive EST/CST - Remote","https://boards.greenhouse.io/samsara/jobs/5979842","public_job_posting","Manage strategic account relationships through trials, negotiations, renewals, and expansion opportunities over time.","cluster_relationship_management","Core","0.78","0.58","reviewed_for_gap_fill","0.80","reviewed_public_job_posting|review_batch=fourth_tranche_2026_03|source_refs=as_01|as_03|as_04"
"occ_13_1041_00","jd_co_01","Anduril","Compliance Program Manager","https://boards.greenhouse.io/andurilindustries/jobs/5050610007","public_job_posting","Translate regulations, contract obligations, and control expectations into concrete policies, training, and operating requirements for business teams.","cluster_oversight_strategy","Core","0.82","0.54","reviewed_for_gap_fill","0.82","reviewed_public_job_posting|review_batch=fifth_tranche_2026_03|source_refs=co_01|co_02|co_04"
"occ_13_1041_00","jd_co_02","Toast","Compliance Manager, Consumer Protection & AI","https://boards.greenhouse.io/toast/jobs/7568218","public_job_posting","Manage complaints, audits, examinations, and issue-remediation workflows so compliance gaps are investigated, tracked, and closed.","cluster_qa_review","Core","0.80","0.56","reviewed_for_gap_fill","0.81","reviewed_public_job_posting|review_batch=fifth_tranche_2026_03|source_refs=co_01|co_02|co_03"
"occ_13_1041_00","jd_co_03","Optiver","Macro Markets Compliance Officer","https://boards.greenhouse.io/optiverus/jobs/8396461002","public_job_posting","Advise product, trading, or operating teams on new activities, conduct risk, and regulatory constraints before decisions are executed.","cluster_decision_support","Core","0.82","0.50","reviewed_for_gap_fill","0.82","reviewed_public_job_posting|review_batch=fifth_tranche_2026_03|source_refs=co_01|co_03|co_04"
"occ_13_1041_00","jd_co_04","Instacart","Program Manager, Compliance Program","https://boards.greenhouse.io/instacart/jobs/7555674","public_job_posting","Monitor regulatory changes, program status, and escalation themes and report compliance risk to leadership through structured governance rhythms.","cluster_coordination","Core","0.78","0.48","reviewed_for_gap_fill","0.80","reviewed_public_job_posting|review_batch=fifth_tranche_2026_03|source_refs=co_02|co_03|co_04"
"occ_13_1081_00","jd_log_01","Anduril","Logistics Program Manager","https://boards.greenhouse.io/andurilindustries/jobs/5014328007","public_job_posting","Coordinate forward logistics, deployments, sustainment, and reverse-logistics workflows across field teams, vendors, and internal operators.","cluster_coordination","Core","0.82","0.62","reviewed_for_gap_fill","0.81","reviewed_public_job_posting|review_batch=fifth_tranche_2026_03|source_refs=log_01|log_02|log_04"
"occ_13_1081_00","jd_log_02","Revance","Buyer/Planner","https://boards.greenhouse.io/revance/jobs/8436575002","public_job_posting","Manage inventory, MRP, purchase orders, and supplier commitments so materials arrive when needed and supply continuity is preserved.","cluster_oversight_strategy","Core","0.82","0.58","reviewed_for_gap_fill","0.80","reviewed_public_job_posting|review_batch=fifth_tranche_2026_03|source_refs=log_01|log_03|log_04"
"occ_13_1081_00","jd_log_03","Revance","Sr. Logistics Analyst","https://boards.greenhouse.io/revance/jobs/8391173002","public_job_posting","Analyze transportation cost, service, and KPI data to identify bottlenecks, forecast needs, and improve logistics performance.","cluster_analysis","Core","0.80","0.54","reviewed_for_gap_fill","0.80","reviewed_public_job_posting|review_batch=fifth_tranche_2026_03|source_refs=log_01|log_02|log_03"
"occ_13_1081_00","jd_log_04","Waymo","Strategic Sourcing Manager, Electronic Components","https://boards.greenhouse.io/waymo/jobs/7435582","public_job_posting","Develop sourcing, negotiation, and supply-risk strategies with engineering and operations partners for critical components and suppliers.","cluster_decision_support","Core","0.80","0.50","reviewed_for_gap_fill","0.81","reviewed_public_job_posting|review_batch=fifth_tranche_2026_03|source_refs=log_02|log_03|log_04"
"occ_17_2072_00","jd_ee_01","Anduril","Electrical Engineer","https://boards.greenhouse.io/andurilindustries/jobs/5036342007","public_job_posting","Own electrical-system design from requirements through schematic, PCB, bring-up, and integration for deployed hardware.","cluster_drafting","Core","0.82","0.60","reviewed_for_gap_fill","0.82","reviewed_public_job_posting|review_batch=fifth_tranche_2026_03|source_refs=ee_01|ee_02|ee_03"
"occ_17_2072_00","jd_ee_02","Anduril","Electrical Engineer, Avionics Design","https://boards.greenhouse.io/andurilindustries/jobs/5059872007","public_job_posting","Make architecture and component decisions for power, avionics, interfaces, and embedded electronics under system constraints.","cluster_decision_support","Core","0.82","0.54","reviewed_for_gap_fill","0.81","reviewed_public_job_posting|review_batch=fifth_tranche_2026_03|source_refs=ee_01|ee_02|ee_03"
"occ_17_2072_00","jd_ee_03","Aurora","Senior Electrical Engineer","https://boards.greenhouse.io/aurorainnovation/jobs/8232117002","public_job_posting","Validate, debug, and characterize electronic systems through lab testing, design verification, and manufacturing or field feedback loops.","cluster_qa_review","Core","0.80","0.56","reviewed_for_gap_fill","0.81","reviewed_public_job_posting|review_batch=fifth_tranche_2026_03|source_refs=ee_01|ee_03|ee_04"
"occ_17_2072_00","jd_ee_04","Anduril","Electrical Engineer III, Manufacturing Test","https://boards.greenhouse.io/andurilindustries/jobs/4988611007","public_job_posting","Build test automation, fixtures, and data-collection systems that let hardware move reliably from engineering into scaled production.","cluster_coordination","Core","0.80","0.52","reviewed_for_gap_fill","0.81","reviewed_public_job_posting|review_batch=fifth_tranche_2026_03|source_refs=ee_02|ee_03|ee_04"
"occ_17_2141_00","jd_me_01","Waymo","Mechanical Engineer, Vehicle Engineering","https://boards.greenhouse.io/waymo/jobs/7409556","public_job_posting","Own mechanical subsystems, structures, enclosures, or trim packages and integrate them into larger vehicle or hardware platforms.","cluster_drafting","Core","0.82","0.58","reviewed_for_gap_fill","0.81","reviewed_public_job_posting|review_batch=fifth_tranche_2026_03|source_refs=me_01|me_03|me_04"
"occ_17_2141_00","jd_me_02","Anduril","Electro-Mechanical Engineer, R&D","https://boards.greenhouse.io/andurilindustries/jobs/4924593007","public_job_posting","Run trade studies, concept evaluation, and DFM or vendor collaboration to choose viable mechanical paths under cost and performance constraints.","cluster_decision_support","Core","0.80","0.52","reviewed_for_gap_fill","0.81","reviewed_public_job_posting|review_batch=fifth_tranche_2026_03|source_refs=me_01|me_02|me_04"
"occ_17_2141_00","jd_me_03","Anduril","Electro-Mechanical Engineer, PCBs/Motor Controls","https://boards.greenhouse.io/andurilindustries/jobs/4833637007","public_job_posting","Build prototypes, run tests, analyze failures, and iterate designs until mechanical systems are production-ready.","cluster_qa_review","Core","0.80","0.56","reviewed_for_gap_fill","0.81","reviewed_public_job_posting|review_batch=fifth_tranche_2026_03|source_refs=me_02|me_03|me_04"
"occ_17_2141_00","jd_me_04","Anduril","Mechanical Engineer, Drones","https://boards.greenhouse.io/andurilindustries/jobs/5010190007","public_job_posting","Translate system requirements from electrical, software, manufacturing, and mission stakeholders into workable mechanical integration plans.","cluster_coordination","Core","0.78","0.50","reviewed_for_gap_fill","0.80","reviewed_public_job_posting|review_batch=fifth_tranche_2026_03|source_refs=me_01|me_03|me_04"
"occ_27_3023_00","jd_jr_01","CloudWalk","Journalist / AI Trainer","https://jobs.lever.co/cloudwalk/5e5304cb-b199-4789-92d9-7e85afa82522","public_job_posting","Report, investigate, and develop story angles by gathering facts, sources, context, and timely developments from complex events.","cluster_research_synthesis","Core","0.82","0.60","reviewed_for_gap_fill","0.80","reviewed_public_job_posting|review_batch=fifth_tranche_2026_03|source_refs=jr_01|jr_03|jr_04"
"occ_27_3023_00","jd_jr_02","Jobgether","AI Writer and Journalist","https://jobs.lever.co/jobgether/040f7d3a-16c0-4907-bbda-cc54e8069871","public_job_posting","Verify facts and turn dense or technical material into clear public-facing narratives, explainers, and updates.","cluster_drafting","Core","0.82","0.58","reviewed_for_gap_fill","0.80","reviewed_public_job_posting|review_batch=fifth_tranche_2026_03|source_refs=jr_01|jr_02|jr_04"
"occ_27_3023_00","jd_jr_03","The Athletic","Live Reporter, NFL","https://jobs.lever.co/theathletic/4c374b4a-5581-4b98-aa50-8d6f0d28b1c6","public_job_posting","Manage rapid editorial cycles under deadlines by updating stories, filing live observations, and prioritizing audience-relevant developments.","cluster_coordination","Core","0.80","0.62","reviewed_for_gap_fill","0.80","reviewed_public_job_posting|review_batch=fifth_tranche_2026_03|source_refs=jr_02|jr_03|jr_04"
"occ_27_3023_00","jd_jr_04","The Free Press","Senior Investigative Reporter","https://jobs.lever.co/thefp/84d2e90a-b241-4d6e-974e-a77a576989ee","public_job_posting","Coordinate with editors, producers, and audience teams on publication strategy, framing, and package timing for major stories.","cluster_oversight_strategy","Core","0.78","0.50","reviewed_for_gap_fill","0.79","reviewed_public_job_posting|review_batch=fifth_tranche_2026_03|source_refs=jr_01|jr_03|jr_04"
"occ_27_3031_00","jd_pr_01","Attentive","Senior Communications Manager","https://jobs.lever.co/attentive/bb33dc7e-6da4-4adc-af97-8bc1f8644fec","public_job_posting","Develop company messaging, media strategy, and external narratives that align launches, leadership communications, and brand priorities.","cluster_drafting","Core","0.82","0.56","reviewed_for_gap_fill","0.80","reviewed_public_job_posting|review_batch=fifth_tranche_2026_03|source_refs=pr_01|pr_02|pr_04"
"occ_27_3031_00","jd_pr_02","Inkitt","Public Relations Manager","https://jobs.lever.co/inkitt/681e30d0-b3c8-42ba-9b28-be4e8fad2dcd","public_job_posting","Manage press inquiries, launch communications, and spokesperson coordination across journalists, partners, and internal leaders.","cluster_client_interaction","Core","0.82","0.60","reviewed_for_gap_fill","0.80","reviewed_public_job_posting|review_batch=fifth_tranche_2026_03|source_refs=pr_01|pr_02|pr_03"
"occ_27_3031_00","jd_pr_03","AHEAD","Public Relations Manager","https://jobs.lever.co/thinkahead/b7e643e4-d7d5-4b20-94d1-4d49e53759d4","public_job_posting","Monitor media issues, reputation risks, and campaign outcomes and prepare response plans when public narratives shift.","cluster_qa_review","Core","0.80","0.52","reviewed_for_gap_fill","0.80","reviewed_public_job_posting|review_batch=fifth_tranche_2026_03|source_refs=pr_02|pr_03|pr_04"
"occ_27_3031_00","jd_pr_04","VeSync","Senior Public Relations Manager","https://jobs.lever.co/vesync/17ebce14-8878-45c3-9a5b-2c11fd35a664","public_job_posting","Coordinate with product, legal, executive, and marketing teams to deliver campaigns, launches, and external response plans coherently.","cluster_coordination","Core","0.78","0.56","reviewed_for_gap_fill","0.80","reviewed_public_job_posting|review_batch=fifth_tranche_2026_03|source_refs=pr_01|pr_03|pr_04"
"occ_27_3041_00","jd_ed_01","Future of Life","Editor","https://jobs.lever.co/futureof-life/c7e0c1ee-5aaa-473e-9d18-ba316b6f9d81","public_job_posting","Source, commission, and shape contributed pieces or story packages so strong ideas become publishable editorial products.","cluster_coordination","Core","0.80","0.54","reviewed_for_gap_fill","0.80","reviewed_public_job_posting|review_batch=fifth_tranche_2026_03|source_refs=ed_01|ed_02|ed_03"
"occ_27_3041_00","jd_ed_02","The Free Press","Senior Editor","https://api.lever.co/v0/postings/thefp/8841a5dd-f92f-4b50-bb4c-e7d1c91d6aa4?mode=json","public_job_posting","Provide structural, line, and copy edits that improve clarity, argument, tone, and factual rigor while maintaining editorial standards.","cluster_qa_review","Core","0.82","0.58","reviewed_for_gap_fill","0.81","reviewed_public_job_posting|review_batch=fifth_tranche_2026_03|source_refs=ed_01|ed_02|ed_04"
"occ_27_3041_00","jd_ed_03","AFAR","Senior Editor, Editorial","https://jobs.lever.co/AfarMedia/19c9e3ab-8aff-48d2-8588-4c18b373fc16","public_job_posting","Manage editorial calendars, assignment flow, and package prioritization across multiple stories, contributors, and deadlines.","cluster_oversight_strategy","Core","0.80","0.52","reviewed_for_gap_fill","0.80","reviewed_public_job_posting|review_batch=fifth_tranche_2026_03|source_refs=ed_01|ed_03|ed_04"
"occ_27_3041_00","jd_ed_04","Jobgether","Managing Editor, Learning Solutions","https://jobs.lever.co/jobgether/68e1cac9-bd63-43c4-a2db-a1a04e4c7954","public_job_posting","Collaborate with design, audience, production, and leadership partners to package content for publication impact and quality control.","cluster_decision_support","Core","0.78","0.50","reviewed_for_gap_fill","0.80","reviewed_public_job_posting|review_batch=fifth_tranche_2026_03|source_refs=ed_02|ed_03|ed_04"
"occ_43_9111_00","jd_st_01","Instacart","Data Analyst, Legal Compliance","https://boards.greenhouse.io/instacart/jobs/7536747","public_job_posting","Collect, clean, organize, and maintain datasets and recurring reporting pipelines that support operational or compliance visibility.","cluster_documentation","Core","0.82","0.64","reviewed_for_gap_fill","0.81","reviewed_public_job_posting|review_batch=fifth_tranche_2026_03|source_refs=st_01|st_02|st_03"
"occ_43_9111_00","jd_st_02","Aurora","Safety Data Analyst","https://boards.greenhouse.io/aurorainnovation/jobs/8296980002","public_job_posting","Build dashboards, KPI reports, and recurring summaries that surface trends and performance signals for operational teams.","cluster_analysis","Core","0.82","0.62","reviewed_for_gap_fill","0.81","reviewed_public_job_posting|review_batch=fifth_tranche_2026_03|source_refs=st_01|st_02|st_04"
"occ_43_9111_00","jd_st_03","Samsara","Senior Customer Success Quality Analyst","https://boards.greenhouse.io/samsara/jobs/7373807","public_job_posting","Support workflow tooling, quality checks, and monitoring systems that keep data-driven processes accurate and usable.","cluster_qa_review","Core","0.80","0.60","reviewed_for_gap_fill","0.80","reviewed_public_job_posting|review_batch=fifth_tranche_2026_03|source_refs=st_01|st_03|st_04"
"occ_43_9111_00","jd_st_04","Figma","People Analyst","https://boards.greenhouse.io/figma/jobs/5737300004","public_job_posting","Partner with analysts and business stakeholders to investigate anomalies, support forecasting, and explain data patterns in decisions.","cluster_decision_support","Core","0.78","0.54","reviewed_for_gap_fill","0.80","reviewed_public_job_posting|review_batch=fifth_tranche_2026_03|source_refs=st_02|st_03|st_04"
"occ_43_3031_00","jd_bk_01","Empire State Realty Trust","Accounts Payable Specialist","https://jobs.lever.co/esrtreit/b9ee8574-ae7f-4f2f-8ddc-5fa50dde9c72","public_job_posting","Process, code, and route invoices, expense items, and other payables accurately through ERP and approval workflows.","cluster_documentation","Core","0.84","0.68","reviewed_for_gap_fill","0.81","reviewed_public_job_posting|review_batch=routine_review_2026_03|source_refs=bk_01|bk_02|bk_03"
"occ_43_3031_00","jd_bk_02","Solar Landscape","Accounts Payable Specialist","https://jobs.lever.co/solarlandscape/09e82e2b-f8e7-4225-9591-0cfe16b56e1e","public_job_posting","Reconcile vendor accounts, statements, and ledger balances and resolve discrepancies against purchase orders and approvals.","cluster_qa_review","Core","0.82","0.62","reviewed_for_gap_fill","0.81","reviewed_public_job_posting|review_batch=routine_review_2026_03|source_refs=bk_01|bk_02|bk_04"
"occ_43_3031_00","jd_bk_03","Promethean","Specialist II, Accounts Payable","https://jobs.lever.co/prometheanworld/f3e69ad6-19ca-494d-bacd-388094bf75a5","public_job_posting","Prepare payment runs, employee expense audits, and month-end or close-support tasks under internal-control requirements.","cluster_coordination","Core","0.80","0.58","reviewed_for_gap_fill","0.80","reviewed_public_job_posting|review_batch=routine_review_2026_03|source_refs=bk_02|bk_03|bk_04"
"occ_43_3031_00","jd_bk_04","Gridware","Payroll & AP Operations Specialist","https://jobs.lever.co/gridware/f05d7d94-0525-44d1-aa1e-fa105ca32cd0","public_job_posting","Coordinate with vendors, finance teams, and internal stakeholders to maintain AP records, resolve exceptions, and keep finance operations current.","cluster_coordination","Core","0.78","0.56","reviewed_for_gap_fill","0.80","reviewed_public_job_posting|review_batch=routine_review_2026_03|source_refs=bk_01|bk_03|bk_04"
"occ_43_9061_00","jd_oc_01","August Bioservices","Office Coordinator","https://jobs.lever.co/AugustBioservices/0cd9771b-47f8-444f-9dae-a17e1226df74","public_job_posting","Manage front-desk flow, greet visitors, route calls or messages, and maintain a professional first point of contact for the office.","cluster_client_interaction","Core","0.82","0.70","reviewed_for_gap_fill","0.80","reviewed_public_job_posting|review_batch=routine_review_2026_03|source_refs=oc_01|oc_02|oc_03"
"occ_43_9061_00","jd_oc_02","Valinor","Office Admin","https://jobs.lever.co/valinor/80aabcd7-095d-4e48-94ca-5cdae4a42e12","public_job_posting","Coordinate office vendors, facilities issues, supply requests, and day-to-day workplace operations so routine needs are handled quickly.","cluster_coordination","Core","0.80","0.66","reviewed_for_gap_fill","0.80","reviewed_public_job_posting|review_batch=routine_review_2026_03|source_refs=oc_01|oc_02|oc_04"
"occ_43_9061_00","jd_oc_03","Coates Group","Office Coordinator","https://jobs.lever.co/coatesgroup/73e5a92b-3811-467c-8da7-94c806933ac9","public_job_posting","Support onboarding, office events, internal announcements, and other routine logistics that keep shared office workflows running.","cluster_coordination","Core","0.78","0.62","reviewed_for_gap_fill","0.79","reviewed_public_job_posting|review_batch=routine_review_2026_03|source_refs=oc_01|oc_02|oc_03"
"occ_43_9061_00","jd_oc_04","Centuria","Administrative Assistant","https://jobs.lever.co/centuria/450e6928-3dce-4b2a-923d-14ac9ee70c90","public_job_posting","Maintain routine records, reports, time-and-attendance support, and general clerical requests across office teams.","cluster_documentation","Core","0.78","0.68","reviewed_for_gap_fill","0.79","reviewed_public_job_posting|review_batch=routine_review_2026_03|source_refs=oc_02|oc_03|oc_04"
"occ_43_6014_00","jd_adm_01","HCVT","Administrative Assistant","https://jobs.lever.co/hcvt/37f4cd45-5594-4c7e-b46f-ea11306c3d2c","public_job_posting","Manage calendars, meetings, travel, and expense reporting for supported leaders while keeping routine administrative work moving.","cluster_coordination","Core","0.82","0.66","reviewed_for_gap_fill","0.80","reviewed_public_job_posting|review_batch=routine_review_2026_03|source_refs=adm_01|adm_02|adm_03"
"occ_43_6014_00","jd_adm_02","Stand Together","Senior Administrative Assistant, Strategic Partnerships","https://jobs.lever.co/standtogether/8ab01976-3946-4e86-97c3-f87ff9ccf172","public_job_posting","Prepare correspondence, agendas, presentations, and meeting materials and keep confidential administrative records organized.","cluster_documentation","Core","0.80","0.60","reviewed_for_gap_fill","0.80","reviewed_public_job_posting|review_batch=routine_review_2026_03|source_refs=adm_01|adm_02|adm_04"
"occ_43_6014_00","jd_adm_03","Lessen","Senior Administrative Assistant","https://jobs.lever.co/lessen/340d28dc-5c56-422b-ab3c-646b680f9540","public_job_posting","Track follow-ups, deadlines, and internal workflow requests across teams so managers and staff stay aligned on routine operations.","cluster_coordination","Core","0.78","0.58","reviewed_for_gap_fill","0.79","reviewed_public_job_posting|review_batch=routine_review_2026_03|source_refs=adm_02|adm_03|adm_04"
"occ_43_6014_00","jd_adm_04","SAIT","Administrative Assistant","https://jobs.lever.co/sait/893f4b4c-749e-4235-8e9e-612a985c3a99","public_job_posting","Handle minutes, confidential records, service requests, and other recurring support tasks with discretion and procedural consistency.","cluster_qa_review","Core","0.78","0.56","reviewed_for_gap_fill","0.79","reviewed_public_job_posting|review_batch=routine_review_2026_03|source_refs=adm_01|adm_03|adm_04"
"occ_43_6011_00","jd_ea_01","Sonatype","Executive/Administrative Assistant","https://jobs.lever.co/sonatype/fd7f1d78-42fa-4330-98d3-e0fb6c587baf","public_job_posting","Act as a gatekeeper and scheduling partner for executives by sequencing calendars, communications, travel, and changing priorities.","cluster_relationship_management","Core","0.82","0.64","reviewed_for_gap_fill","0.80","reviewed_public_job_posting|review_batch=routine_review_2026_03|source_refs=ea_01|ea_02|ea_03"
"occ_43_6011_00","jd_ea_02","KIND","Executive Administrative Assistant","https://jobs.lever.co/supportkind/686ff7d3-4771-4ffc-bb24-4d484370748a","public_job_posting","Prepare executive-office materials, event logistics, expense support, and follow-up systems for leadership and external stakeholders.","cluster_documentation","Core","0.80","0.60","reviewed_for_gap_fill","0.80","reviewed_public_job_posting|review_batch=routine_review_2026_03|source_refs=ea_01|ea_02|ea_04"
"occ_43_6011_00","jd_ea_03","e.l.f. Beauty","Executive Assistant","https://jobs.lever.co/elfbeauty/3ba0b07b-a0a4-40cd-b617-3575c3444f08","public_job_posting","Coordinate board, leadership, and cross-functional interactions while handling highly sensitive information with discretion.","cluster_client_interaction","Core","0.80","0.58","reviewed_for_gap_fill","0.80","reviewed_public_job_posting|review_batch=routine_review_2026_03|source_refs=ea_01|ea_03|ea_04"
"occ_43_6011_00","jd_ea_04","Filevine","Executive Assistant to the CMO","https://jobs.lever.co/filevine/aef2dd52-210b-46f9-95d3-b247cd4a0131","public_job_posting","Track action items, align departments, and extend executive decision cadence through project coordination and operational follow-through.","cluster_oversight_strategy","Core","0.78","0.56","reviewed_for_gap_fill","0.80","reviewed_public_job_posting|review_batch=routine_review_2026_03|source_refs=ea_02|ea_03|ea_04"
