occupation_id,title,human_constraint_target,human_constraint_confidence,adoption_context_target,adoption_context_confidence,demand_context_target,demand_context_confidence,wage_leverage_target,wage_leverage_confidence,routine_pressure_target,routine_pressure_confidence,specialization_resilience_target,specialization_resilience_confidence,role_heterogeneity_target,role_heterogeneity_confidence,model_human_guardrail,model_adoption_context,model_demand_context,model_wage_leverage,model_routine_pressure,model_specialization_resilience,model_role_fragmentation,human_constraint_gap,adoption_context_gap,demand_context_gap,wage_leverage_gap,routine_pressure_gap,specialization_resilience_gap,role_heterogeneity_gap,human_constraint_review,adoption_context_review,demand_context_review,wage_leverage_review,routine_pressure_review,specialization_resilience_review,role_heterogeneity_review,quality_source_mix,ors_source_mix,heterogeneity_source_mix,btos_source_mix,adaptation_source_mix,labor_release_year,highest_review_tier,primary_review_layer,primary_review_strength,primary_review_score,primary_review_reason,notes
occ_11_1021_00,General and Operations Managers,0.893,0.763,0.247,0.869,0.458,0.85,0.879,0.85,0.162,0.61,0.642,0.61,0.323,0.831,0.705,0.387,0.534,0.668,0.291,0.669,0.179,0.188,0.14,0.076,0.211,0.129,0.027,0.144,medium,low,ok,medium,low,ok,low,src_oecd_job_quality_2014|src_onet_30_1|src_internal_stub_2026_03,src_bls_ors_2025_prelim,src_census_acs_2024_1yr_pums_api,src_census_btos_2026_03|src_census_btos_2026_03|src_census_btos_2026_03|src_census_btos_2026_03|src_census_btos_2026_03|src_census_btos_2026_03|src_census_btos_2026_03|src_census_btos_2026_03|src_census_btos_2026_03|src_census_btos_2026_03|src_census_btos_2026_03|src_census_btos_2026_03|src_census_btos_2026_03|src_census_btos_2026_03|src_census_btos_2026_03|src_census_btos_2026_03|src_census_btos_2026_03|src_census_btos_2026_03|src_census_btos_2026_03,src_onet_30_1|src_anthropic_ei_2026_01_15|src_bls_oews_2024|src_bls_proj_2024_2034|src_bls_cps_occupation_unemployment_2026_03,2024,medium,accountability_guardrails,strong,0.165,"Human-constraint mismatch points to function anchors, accountability weights, or trust/liability guardrails.",launch_stub_generated|btos_covered_share=0.964|btos_percentile=0.032|derived_launch_aggregate|knowledge_share=0.48|people_share=0.49|routine_share=0.00|labor_context_2024
occ_13_1041_00,Compliance Officers,0.556,0.763,0.311,0.77,0.37,0.85,0.53,0.85,0.354,0.65,0.525,0.65,0.328,0.845,0.651,0.406,0.448,0.571,0.323,0.6,0.199,0.095,0.095,0.078,0.041,0.031,0.075,0.129,ok,ok,ok,ok,ok,ok,low,src_oecd_job_quality_2014|src_onet_30_1|src_internal_stub_2026_03,src_bls_ors_2025_prelim,src_census_acs_2024_1yr_pums_api,src_census_btos_2026_03|src_census_btos_2026_03|src_census_btos_2026_03|src_census_btos_2026_03|src_census_btos_2026_03|src_census_btos_2026_03|src_census_btos_2026_03|src_census_btos_2026_03|src_census_btos_2026_03|src_census_btos_2026_03|src_census_btos_2026_03|src_census_btos_2026_03|src_census_btos_2026_03|src_census_btos_2026_03|src_census_btos_2026_03|src_census_btos_2026_03|src_census_btos_2026_03|src_census_btos_2026_03|src_census_btos_2026_03,src_onet_30_1|src_anthropic_ei_2026_01_15|src_bls_oews_2024|src_bls_proj_2024_2034|src_bls_cps_occupation_unemployment_2026_03,2024,low,role_shape_heterogeneity,medium,0.109,"Role-heterogeneity mismatch points to occupation shape assumptions, missing multi-anchor variants, or overstated uniformity within the occupation.",launch_stub_generated|btos_covered_share=0.706|btos_percentile=0.323|derived_launch_aggregate|knowledge_share=0.24|people_share=0.44|routine_share=0.32|labor_context_2024
occ_13_1071_00,Human Resources Specialists,0.497,0.763,0.297,0.836,0.565,0.85,0.432,0.85,0.223,0.71,0.532,0.71,0.306,0.866,0.593,0.4,0.484,0.531,0.338,0.571,0.252,0.096,0.103,0.081,0.099,0.115,0.039,0.054,ok,ok,ok,ok,ok,ok,ok,src_oecd_job_quality_2014|src_onet_30_1|src_internal_stub_2026_03,src_bls_ors_2025_prelim,src_census_acs_2024_1yr_pums_api,src_census_btos_2026_03|src_census_btos_2026_03|src_census_btos_2026_03|src_census_btos_2026_03|src_census_btos_2026_03|src_census_btos_2026_03|src_census_btos_2026_03|src_census_btos_2026_03|src_census_btos_2026_03|src_census_btos_2026_03|src_census_btos_2026_03|src_census_btos_2026_03|src_census_btos_2026_03|src_census_btos_2026_03|src_census_btos_2026_03|src_census_btos_2026_03|src_census_btos_2026_03|src_census_btos_2026_03|src_census_btos_2026_03,src_onet_30_1|src_anthropic_ei_2026_01_15|src_bls_oews_2024|src_bls_proj_2024_2034|src_bls_cps_occupation_unemployment_2026_03,2024,ok,adoption_realization,medium,0.086,BTOS adoption-context mismatch points to organizational conversion or adoption-realization assumptions rather than core task reachability.,launch_stub_generated|btos_covered_share=0.860|btos_percentile=0.258|derived_launch_aggregate|knowledge_share=0.17|people_share=0.51|routine_share=0.10|labor_context_2024
occ_13_1081_00,Logisticians,,0,0.261,0.817,0.818,0.85,0.508,0.85,0.263,0.54,0.58,0.54,0.306,0.806,0.618,0.38,0.564,0.601,0.244,0.61,0.188,,0.118,0.254,0.093,0.019,0.03,0.118,ok,ok,high,ok,ok,ok,ok,src_oecd_job_quality_2014|src_onet_30_1|src_internal_stub_2026_03,,src_census_acs_2024_1yr_pums_api,src_census_btos_2026_03|src_census_btos_2026_03|src_census_btos_2026_03|src_census_btos_2026_03|src_census_btos_2026_03|src_census_btos_2026_03|src_census_btos_2026_03|src_census_btos_2026_03|src_census_btos_2026_03|src_census_btos_2026_03|src_census_btos_2026_03|src_census_btos_2026_03|src_census_btos_2026_03|src_census_btos_2026_03|src_census_btos_2026_03|src_census_btos_2026_03|src_census_btos_2026_03|src_census_btos_2026_03|src_census_btos_2026_03,src_onet_30_1|src_anthropic_ei_2026_01_15|src_bls_oews_2024|src_bls_proj_2024_2034|src_bls_cps_occupation_unemployment_2026_03,2024,high,demand_and_adoption,weak,0.13,Demand-context mismatch points to demand-expansion or adoption-realization assumptions rather than core task reachability.,launch_stub_generated|btos_covered_share=0.815|btos_percentile=0.097|derived_launch_aggregate|knowledge_share=0.28|people_share=0.53|routine_share=0.19|labor_context_2024
occ_13_1082_00,Project Management Specialists,0.687,0.721,0.339,0.86,0.483,0.85,0.667,0.85,0.205,0.63,0.506,0.63,0.268,0.838,0.658,0.391,0.474,0.589,0.299,0.617,0.188,0.029,0.051,0.009,0.078,0.094,0.112,0.08,ok,ok,ok,ok,ok,ok,ok,src_oecd_job_quality_2014|src_onet_30_1|src_internal_stub_2026_03,src_bls_ors_2025_prelim,src_census_acs_2024_1yr_pums_api,src_census_btos_2026_03|src_census_btos_2026_03|src_census_btos_2026_03|src_census_btos_2026_03|src_census_btos_2026_03|src_census_btos_2026_03|src_census_btos_2026_03|src_census_btos_2026_03|src_census_btos_2026_03|src_census_btos_2026_03|src_census_btos_2026_03|src_census_btos_2026_03|src_census_btos_2026_03|src_census_btos_2026_03|src_census_btos_2026_03|src_census_btos_2026_03|src_census_btos_2026_03|src_census_btos_2026_03|src_census_btos_2026_03,src_onet_30_1|src_anthropic_ei_2026_01_15|src_bls_oews_2024|src_bls_proj_2024_2034|src_bls_cps_occupation_unemployment_2026_03,2024,ok,specialization_resilience,medium,0.071,"Specialization-resilience mismatch points to retained-function weighting, knowledge intensity assumptions, or adaptation priors.",launch_stub_generated|btos_covered_share=0.939|btos_percentile=0.452|derived_launch_aggregate|knowledge_share=0.00|people_share=0.67|routine_share=0.11|labor_context_2024
occ_13_1111_00,Management Analysts,0.58,0.721,0.432,0.877,0.737,0.85,0.697,0.85,0.191,0.75,0.703,0.75,0.34,0.88,0.668,0.38,0.582,0.679,0.244,0.655,0.179,0.088,0.052,0.155,0.018,0.053,0.048,0.161,ok,ok,low,ok,ok,ok,low,src_oecd_job_quality_2014|src_onet_30_1|src_internal_stub_2026_03,src_bls_ors_2025_prelim,src_census_acs_2024_1yr_pums_api,src_census_btos_2026_03|src_census_btos_2026_03|src_census_btos_2026_03|src_census_btos_2026_03|src_census_btos_2026_03|src_census_btos_2026_03|src_census_btos_2026_03|src_census_btos_2026_03|src_census_btos_2026_03|src_census_btos_2026_03|src_census_btos_2026_03|src_census_btos_2026_03|src_census_btos_2026_03|src_census_btos_2026_03|src_census_btos_2026_03|src_census_btos_2026_03|src_census_btos_2026_03|src_census_btos_2026_03|src_census_btos_2026_03,src_onet_30_1|src_anthropic_ei_2026_01_15|src_bls_oews_2024|src_bls_proj_2024_2034|src_bls_cps_occupation_unemployment_2026_03,2024,low,role_shape_heterogeneity,medium,0.142,"Role-heterogeneity mismatch points to occupation shape assumptions, missing multi-anchor variants, or overstated uniformity within the occupation.",launch_stub_generated|btos_covered_share=0.955|btos_percentile=0.871|derived_launch_aggregate|knowledge_share=0.74|people_share=0.26|routine_share=0.00|labor_context_2024
occ_13_1151_00,Training and Development Specialists,0.466,0.763,0.283,0.832,0.728,0.85,0.394,0.85,0.244,0.58,0.607,0.58,0.323,0.82,0.567,0.417,0.54,0.517,0.316,0.55,0.258,0.101,0.135,0.188,0.123,0.072,0.058,0.065,ok,low,medium,low,ok,ok,ok,src_oecd_job_quality_2014|src_onet_30_1|src_internal_stub_2026_03,src_bls_ors_2025_prelim,src_census_acs_2024_1yr_pums_api,src_census_btos_2026_03|src_census_btos_2026_03|src_census_btos_2026_03|src_census_btos_2026_03|src_census_btos_2026_03|src_census_btos_2026_03|src_census_btos_2026_03|src_census_btos_2026_03|src_census_btos_2026_03|src_census_btos_2026_03|src_census_btos_2026_03|src_census_btos_2026_03|src_census_btos_2026_03|src_census_btos_2026_03|src_census_btos_2026_03|src_census_btos_2026_03|src_census_btos_2026_03|src_census_btos_2026_03|src_census_btos_2026_03,src_onet_30_1|src_anthropic_ei_2026_01_15|src_bls_oews_2024|src_bls_proj_2024_2034|src_bls_cps_occupation_unemployment_2026_03,2024,medium,adoption_realization,medium,0.112,BTOS adoption-context mismatch points to organizational conversion or adoption-realization assumptions rather than core task reachability.,launch_stub_generated|btos_covered_share=0.871|btos_percentile=0.194|derived_launch_aggregate|knowledge_share=0.43|people_share=0.44|routine_share=0.13|labor_context_2024
occ_13_1161_00,Market Research Analysts and Marketing Specialists,0.481,0.721,0.389,0.886,0.644,0.85,0.545,0.85,0.308,0.65,0.662,0.65,0.392,0.845,0.579,0.438,0.525,0.551,0.368,0.562,0.238,0.098,0.049,0.119,0.006,0.06,0.099,0.154,ok,ok,ok,ok,ok,ok,low,src_oecd_job_quality_2014|src_onet_30_1|src_internal_stub_2026_03,src_bls_ors_2025_prelim,src_census_acs_2024_1yr_pums_api,src_census_btos_2026_03|src_census_btos_2026_03|src_census_btos_2026_03|src_census_btos_2026_03|src_census_btos_2026_03|src_census_btos_2026_03|src_census_btos_2026_03|src_census_btos_2026_03|src_census_btos_2026_03|src_census_btos_2026_03|src_census_btos_2026_03|src_census_btos_2026_03|src_census_btos_2026_03|src_census_btos_2026_03|src_census_btos_2026_03|src_census_btos_2026_03|src_census_btos_2026_03|src_census_btos_2026_03|src_census_btos_2026_03,src_onet_30_1|src_anthropic_ei_2026_01_15|src_bls_oews_2024|src_bls_proj_2024_2034|src_bls_cps_occupation_unemployment_2026_03,2024,low,role_shape_heterogeneity,medium,0.13,"Role-heterogeneity mismatch points to occupation shape assumptions, missing multi-anchor variants, or overstated uniformity within the occupation.",launch_stub_generated|btos_covered_share=0.990|btos_percentile=0.677|derived_launch_aggregate|knowledge_share=0.75|people_share=0.09|routine_share=0.16|labor_context_2024
occ_13_1199_00,"Business Operations Specialists, All Other",0.429,0.636,0.304,0.838,0.423,0.85,0.583,0.85,0.341,0.47,0.546,0.47,0.363,0.782,0.53,0.434,0.466,0.488,0.371,0.52,0.253,0.101,0.13,0.043,0.095,0.03,0.025,0.11,ok,low,ok,ok,ok,ok,ok,src_oecd_job_quality_2014|src_onet_30_1|src_internal_stub_2026_03,src_bls_ors_2025_prelim,src_census_acs_2024_1yr_pums_api,src_census_btos_2026_03|src_census_btos_2026_03|src_census_btos_2026_03|src_census_btos_2026_03|src_census_btos_2026_03|src_census_btos_2026_03|src_census_btos_2026_03|src_census_btos_2026_03|src_census_btos_2026_03|src_census_btos_2026_03|src_census_btos_2026_03|src_census_btos_2026_03|src_census_btos_2026_03|src_census_btos_2026_03|src_census_btos_2026_03|src_census_btos_2026_03|src_census_btos_2026_03|src_census_btos_2026_03|src_census_btos_2026_03,src_onet_30_1|src_anthropic_ei_2025_03_27|src_bls_oews_2024|src_bls_proj_2024_2034|src_bls_cps_occupation_unemployment_2026_03,2024,low,adoption_realization,medium,0.109,BTOS adoption-context mismatch points to organizational conversion or adoption-realization assumptions rather than core task reachability.,launch_stub_generated|btos_covered_share=0.873|btos_percentile=0.290|derived_launch_aggregate|knowledge_share=0.50|people_share=0.33|routine_share=0.17|labor_context_2024
occ_13_2011_00,Accountants and Auditors,0.492,0.721,0.354,0.86,0.469,0.85,0.545,0.85,0.419,0.5,0.48,0.5,0.38,0.792,0.652,0.412,0.407,0.573,0.352,0.599,0.188,0.16,0.058,0.062,0.028,0.066,0.119,0.192,low,ok,ok,ok,ok,ok,medium,src_oecd_job_quality_2014|src_onet_30_1|src_internal_stub_2026_03,src_bls_ors_2025_prelim,src_census_acs_2024_1yr_pums_api,src_census_btos_2026_03|src_census_btos_2026_03|src_census_btos_2026_03|src_census_btos_2026_03|src_census_btos_2026_03|src_census_btos_2026_03|src_census_btos_2026_03|src_census_btos_2026_03|src_census_btos_2026_03|src_census_btos_2026_03|src_census_btos_2026_03|src_census_btos_2026_03|src_census_btos_2026_03|src_census_btos_2026_03|src_census_btos_2026_03|src_census_btos_2026_03|src_census_btos_2026_03|src_census_btos_2026_03|src_census_btos_2026_03,src_onet_30_1|src_anthropic_ei_2026_01_15|src_bls_oews_2024|src_bls_proj_2024_2034|src_bls_cps_occupation_unemployment_2026_03,2024,medium,role_shape_heterogeneity,medium,0.152,"Role-heterogeneity mismatch points to occupation shape assumptions, missing multi-anchor variants, or overstated uniformity within the occupation.",launch_stub_generated|btos_covered_share=0.925|btos_percentile=0.516|derived_launch_aggregate|knowledge_share=0.24|people_share=0.02|routine_share=0.32|labor_context_2024
occ_13_2051_00,Financial and Investment Analysts,0.381,0.678,0.332,0.864,0.494,0.85,0.705,0.85,0.24,0.66,0.67,0.66,0.337,0.848,0.576,0.413,0.523,0.579,0.322,0.577,0.218,0.195,0.081,0.029,0.126,0.081,0.093,0.119,medium,ok,ok,low,ok,ok,ok,src_oecd_job_quality_2014|src_onet_30_1|src_internal_stub_2026_03,src_bls_ors_2025_prelim,src_census_acs_2024_1yr_pums_api,src_census_btos_2026_03|src_census_btos_2026_03|src_census_btos_2026_03|src_census_btos_2026_03|src_census_btos_2026_03|src_census_btos_2026_03|src_census_btos_2026_03|src_census_btos_2026_03|src_census_btos_2026_03|src_census_btos_2026_03|src_census_btos_2026_03|src_census_btos_2026_03|src_census_btos_2026_03|src_census_btos_2026_03|src_census_btos_2026_03|src_census_btos_2026_03|src_census_btos_2026_03|src_census_btos_2026_03|src_census_btos_2026_03,src_onet_30_1|src_anthropic_ei_2026_01_15|src_bls_oews_2024|src_bls_proj_2024_2034|src_bls_cps_occupation_unemployment_2026_03,2024,medium,accountability_guardrails,strong,0.152,"Human-constraint mismatch points to function anchors, accountability weights, or trust/liability guardrails.",launch_stub_generated|btos_covered_share=0.943|btos_percentile=0.419|derived_launch_aggregate|knowledge_share=0.68|people_share=0.24|routine_share=0.08|labor_context_2024
occ_15_1211_00,Computer Systems Analysts,0.328,0.721,0.346,0.866,0.652,0.85,0.735,0.85,0.339,0.65,0.584,0.65,0.345,0.845,0.495,0.44,0.484,0.472,0.372,0.503,0.284,0.167,0.093,0.168,0.263,0.033,0.082,0.061,low,ok,low,high,ok,ok,ok,src_oecd_job_quality_2014|src_onet_30_1|src_internal_stub_2026_03,src_bls_ors_2025_prelim,src_census_acs_2024_1yr_pums_api,src_census_btos_2026_03|src_census_btos_2026_03|src_census_btos_2026_03|src_census_btos_2026_03|src_census_btos_2026_03|src_census_btos_2026_03|src_census_btos_2026_03|src_census_btos_2026_03|src_census_btos_2026_03|src_census_btos_2026_03|src_census_btos_2026_03|src_census_btos_2026_03|src_census_btos_2026_03|src_census_btos_2026_03|src_census_btos_2026_03|src_census_btos_2026_03|src_census_btos_2026_03|src_census_btos_2026_03|src_census_btos_2026_03,src_onet_30_1|src_anthropic_ei_2026_01_15|src_bls_oews_2024|src_bls_proj_2024_2034|src_bls_cps_occupation_unemployment_2026_03,2024,high,accountability_guardrails,strong,0.138,"Human-constraint mismatch points to function anchors, accountability weights, or trust/liability guardrails.",launch_stub_generated|btos_covered_share=0.947|btos_percentile=0.484|derived_launch_aggregate|knowledge_share=0.63|people_share=0.16|routine_share=0.13|labor_context_2024
occ_15_1252_00,Software Developers,0.389,0.721,0.425,0.882,0.733,0.85,0.795,0.85,0.253,0.6,0.738,0.6,0.342,0.827,0.555,0.458,0.591,0.543,0.408,0.547,0.258,0.166,0.034,0.142,0.252,0.155,0.191,0.084,low,ok,low,high,low,medium,ok,src_oecd_job_quality_2014|src_onet_30_1|src_internal_stub_2026_03,src_bls_ors_2025_prelim,src_census_acs_2024_1yr_pums_api,src_census_btos_2026_03|src_census_btos_2026_03|src_census_btos_2026_03|src_census_btos_2026_03|src_census_btos_2026_03|src_census_btos_2026_03|src_census_btos_2026_03|src_census_btos_2026_03|src_census_btos_2026_03|src_census_btos_2026_03|src_census_btos_2026_03|src_census_btos_2026_03|src_census_btos_2026_03|src_census_btos_2026_03|src_census_btos_2026_03|src_census_btos_2026_03|src_census_btos_2026_03|src_census_btos_2026_03|src_census_btos_2026_03,src_onet_30_1|src_anthropic_ei_2026_01_15|src_bls_oews_2024|src_bls_proj_2024_2034|src_bls_cps_occupation_unemployment_2026_03,2024,high,accountability_guardrails,strong,0.138,"Human-constraint mismatch points to function anchors, accountability weights, or trust/liability guardrails.",launch_stub_generated|btos_covered_share=0.970|btos_percentile=0.839|derived_launch_aggregate|knowledge_share=0.87|people_share=0.06|routine_share=0.07|labor_context_2024
occ_15_1254_00,Web Developers,,0,0.417,0.876,0.626,0.85,0.682,0.85,0.306,0.71,0.637,0.71,0.38,0.821,0.616,0.401,0.498,0.577,0.357,0.59,0.239,,0.017,0.128,0.105,0.051,0.048,0.141,ok,ok,low,ok,ok,ok,low,src_oecd_job_quality_2014|src_onet_30_1|src_internal_stub_2026_03,,src_census_acs_2024_1yr_pums_api,src_census_btos_2026_03|src_census_btos_2026_03|src_census_btos_2026_03|src_census_btos_2026_03|src_census_btos_2026_03|src_census_btos_2026_03|src_census_btos_2026_03|src_census_btos_2026_03|src_census_btos_2026_03|src_census_btos_2026_03|src_census_btos_2026_03|src_census_btos_2026_03|src_census_btos_2026_03|src_census_btos_2026_03|src_census_btos_2026_03|src_census_btos_2026_03|src_census_btos_2026_03|src_census_btos_2026_03,src_onet_30_1|src_anthropic_ei_2026_01_15|src_bls_oews_2024|src_bls_proj_2024_2034|src_bls_cps_occupation_unemployment_2026_03,2024,low,role_shape_heterogeneity,medium,0.116,"Role-heterogeneity mismatch points to occupation shape assumptions, missing multi-anchor variants, or overstated uniformity within the occupation.",launch_stub_generated|btos_covered_share=0.962|btos_percentile=0.806|derived_launch_aggregate|knowledge_share=0.85|people_share=0.03|routine_share=0.04|labor_context_2024
occ_15_2031_00,Operations Research Analysts,,0,0.368,0.703,0.823,0.85,0.659,0.85,0.16,0.6,0.738,0.6,0.363,0.827,0.629,0.4,0.627,0.639,0.277,0.626,0.194,,0.032,0.196,0.02,0.117,0.112,0.169,ok,ok,medium,ok,ok,ok,low,src_oecd_job_quality_2014|src_onet_30_1|src_internal_stub_2026_03,,src_census_acs_2024_1yr_pums_api,src_census_btos_2026_03|src_census_btos_2026_03|src_census_btos_2026_03|src_census_btos_2026_03|src_census_btos_2026_03|src_census_btos_2026_03|src_census_btos_2026_03|src_census_btos_2026_03|src_census_btos_2026_03|src_census_btos_2026_03|src_census_btos_2026_03|src_census_btos_2026_03|src_census_btos_2026_03|src_census_btos_2026_03|src_census_btos_2026_03|src_census_btos_2026_03|src_census_btos_2026_03|src_census_btos_2026_03|src_census_btos_2026_03,src_onet_30_1|src_anthropic_ei_2026_01_15|src_bls_oews_2024|src_bls_proj_2024_2034|src_bls_cps_occupation_unemployment_2026_03,2024,medium,role_shape_heterogeneity,medium,0.14,"Role-heterogeneity mismatch points to occupation shape assumptions, missing multi-anchor variants, or overstated uniformity within the occupation.",launch_stub_generated|btos_covered_share=0.500|btos_percentile=0.581|derived_launch_aggregate|knowledge_share=0.68|people_share=0.08|routine_share=0.00|labor_context_2024
occ_15_2051_00,Data Scientists,,0,,0,0.894,0.85,0.879,0.85,0.219,0.52,0.775,0.52,0.33,0.409,0.623,0.435,0.7,0.592,0.389,0.591,0.225,,,0.194,0.287,0.17,0.184,0.105,ok,ok,medium,high,low,medium,ok,src_oecd_job_quality_2014|src_onet_30_1|src_internal_stub_2026_03,,src_census_acs_2024_1yr_pums_api,,src_onet_30_1|src_anthropic_ei_2025_03_27|src_bls_oews_2024|src_bls_proj_2024_2034|src_bls_cps_occupation_unemployment_2026_03,2024,high,bargaining_power,weak,0.146,Wage-leverage mismatch points to retained bargaining-power weights or function-level leverage assumptions.,launch_stub_generated|derived_launch_aggregate|knowledge_share=0.94|people_share=0.00|routine_share=0.00|labor_context_2024
occ_17_2072_00,"Electronics Engineers, Except Computer",,0,0.318,0.847,0.574,0.85,0.788,0.85,0.217,0.7,0.642,0.7,0.311,0.862,0.671,0.423,0.513,0.605,0.323,0.623,0.207,,0.105,0.061,0.183,0.106,0.019,0.104,ok,ok,ok,medium,ok,ok,ok,src_oecd_job_quality_2014|src_onet_30_1|src_internal_stub_2026_03,,src_census_acs_2024_1yr_pums_api,src_census_btos_2026_03|src_census_btos_2026_03|src_census_btos_2026_03|src_census_btos_2026_03|src_census_btos_2026_03|src_census_btos_2026_03|src_census_btos_2026_03|src_census_btos_2026_03|src_census_btos_2026_03|src_census_btos_2026_03|src_census_btos_2026_03|src_census_btos_2026_03|src_census_btos_2026_03|src_census_btos_2026_03|src_census_btos_2026_03|src_census_btos_2026_03|src_census_btos_2026_03|src_census_btos_2026_03,src_onet_30_1|src_anthropic_ei_2026_01_15|src_bls_oews_2024|src_bls_proj_2024_2034|src_bls_cps_occupation_unemployment_2026_03,2024,medium,bargaining_power,weak,0.093,Wage-leverage mismatch points to retained bargaining-power weights or function-level leverage assumptions.,launch_stub_generated|btos_covered_share=0.946|btos_percentile=0.355|derived_launch_aggregate|knowledge_share=0.53|people_share=0.29|routine_share=0.05|labor_context_2024
occ_17_2141_00,Mechanical Engineers,0.359,0.636,0.24,0.879,0.673,0.85,0.667,0.85,0.348,0.53,0.65,0.53,0.33,0.803,0.561,0.408,0.504,0.59,0.323,0.579,0.225,0.202,0.168,0.169,0.077,0.025,0.071,0.105,medium,low,low,ok,ok,ok,ok,src_oecd_job_quality_2014|src_onet_30_1|src_internal_stub_2026_03,src_bls_ors_2025_prelim,src_census_acs_2024_1yr_pums_api,src_census_btos_2026_03|src_census_btos_2026_03|src_census_btos_2026_03|src_census_btos_2026_03|src_census_btos_2026_03|src_census_btos_2026_03|src_census_btos_2026_03|src_census_btos_2026_03|src_census_btos_2026_03|src_census_btos_2026_03|src_census_btos_2026_03|src_census_btos_2026_03|src_census_btos_2026_03|src_census_btos_2026_03|src_census_btos_2026_03|src_census_btos_2026_03|src_census_btos_2026_03|src_census_btos_2026_03,src_onet_30_1|src_anthropic_ei_2026_01_15|src_bls_oews_2024|src_bls_proj_2024_2034|src_bls_cps_occupation_unemployment_2026_03,2024,medium,accountability_guardrails,strong,0.148,"Human-constraint mismatch points to function anchors, accountability weights, or trust/liability guardrails.",launch_stub_generated|btos_covered_share=0.971|btos_percentile=0.000|derived_launch_aggregate|knowledge_share=0.70|people_share=0.07|routine_share=0.23|labor_context_2024
occ_23_1011_00,Lawyers,0.571,0.763,,0,0.457,0.85,0.977,0.85,0.245,0.61,0.65,0.61,0.268,0.441,0.826,0.38,0.498,0.743,0.261,0.739,0.134,0.255,,0.041,0.234,0.016,0.089,0.134,high,ok,ok,high,ok,ok,low,src_oecd_job_quality_2014|src_onet_30_1|src_internal_stub_2026_03,src_bls_ors_2025_prelim,src_census_acs_2024_1yr_pums_api,,src_onet_30_1|src_anthropic_ei_2026_01_15|src_bls_oews_2024|src_bls_proj_2024_2034|src_bls_cps_occupation_unemployment_2026_03,2024,high,accountability_guardrails,strong,0.224,"Human-constraint mismatch points to function anchors, accountability weights, or trust/liability guardrails.",launch_stub_generated|derived_launch_aggregate|knowledge_share=0.34|people_share=0.39|routine_share=0.23|labor_context_2024
occ_23_2011_00,Paralegals and Legal Assistants,0.33,0.763,0.439,0.864,0.518,0.85,0.197,0.85,0.465,0.55,0.443,0.55,0.284,0.81,0.495,0.442,0.396,0.348,0.402,0.441,0.331,0.165,0.003,0.122,0.151,0.063,0.002,0.047,low,ok,low,low,ok,ok,ok,src_oecd_job_quality_2014|src_onet_30_1|src_internal_stub_2026_03,src_bls_ors_2025_prelim,src_census_acs_2024_1yr_pums_api,src_census_btos_2026_03|src_census_btos_2026_03|src_census_btos_2026_03|src_census_btos_2026_03|src_census_btos_2026_03|src_census_btos_2026_03|src_census_btos_2026_03|src_census_btos_2026_03|src_census_btos_2026_03|src_census_btos_2026_03|src_census_btos_2026_03|src_census_btos_2026_03|src_census_btos_2026_03|src_census_btos_2026_03|src_census_btos_2026_03|src_census_btos_2026_03|src_census_btos_2026_03|src_census_btos_2026_03|src_census_btos_2026_03,src_onet_30_1|src_anthropic_ei_2026_01_15|src_bls_oews_2024|src_bls_proj_2024_2034|src_bls_cps_occupation_unemployment_2026_03,2024,low,accountability_guardrails,strong,0.145,"Human-constraint mismatch points to function anchors, accountability weights, or trust/liability guardrails.",launch_stub_generated|btos_covered_share=0.905|btos_percentile=0.903|derived_launch_aggregate|knowledge_share=0.28|people_share=0.25|routine_share=0.36|labor_context_2024
occ_27_1024_00,Graphic Designers,0.316,0.678,0.41,0.883,0.489,0.85,0.265,0.85,0.205,0.74,0.659,0.74,0.35,0.867,0.473,0.451,0.513,0.466,0.382,0.495,0.285,0.157,0.041,0.024,0.201,0.177,0.164,0.065,low,ok,ok,medium,low,low,ok,src_oecd_job_quality_2014|src_onet_30_1|src_internal_stub_2026_03,src_bls_ors_2025_prelim,src_census_acs_2024_1yr_pums_api,src_census_btos_2026_03|src_census_btos_2026_03|src_census_btos_2026_03|src_census_btos_2026_03|src_census_btos_2026_03|src_census_btos_2026_03|src_census_btos_2026_03|src_census_btos_2026_03|src_census_btos_2026_03|src_census_btos_2026_03|src_census_btos_2026_03|src_census_btos_2026_03|src_census_btos_2026_03|src_census_btos_2026_03|src_census_btos_2026_03|src_census_btos_2026_03|src_census_btos_2026_03|src_census_btos_2026_03|src_census_btos_2026_03,src_onet_30_1|src_anthropic_ei_2026_01_15|src_bls_oews_2024|src_bls_proj_2024_2034|src_bls_cps_occupation_unemployment_2026_03,2024,medium,task_pressure,medium,0.131,"Routine-pressure mismatch points to task-pressure weighting, routine-share assumptions, or cluster/task mapping.",launch_stub_generated|btos_covered_share=0.972|btos_percentile=0.774|derived_launch_aggregate|knowledge_share=0.70|people_share=0.21|routine_share=0.00|labor_context_2024
occ_27_3023_00,"News Analysts, Reporters, and Journalists",,0,0.46,0.878,0.41,0.85,0.364,0.85,0.341,0.73,0.559,0.73,0.351,0.831,0.626,0.467,0.43,0.512,0.466,0.564,0.219,,0.007,0.02,0.148,0.125,0.005,0.132,ok,ok,ok,low,low,ok,low,src_oecd_job_quality_2014|src_onet_30_1|src_internal_stub_2026_03,,src_census_acs_2024_1yr_pums_api,src_census_btos_2026_03|src_census_btos_2026_03|src_census_btos_2026_03|src_census_btos_2026_03|src_census_btos_2026_03|src_census_btos_2026_03|src_census_btos_2026_03|src_census_btos_2026_03|src_census_btos_2026_03|src_census_btos_2026_03|src_census_btos_2026_03|src_census_btos_2026_03|src_census_btos_2026_03|src_census_btos_2026_03|src_census_btos_2026_03,src_onet_30_1|src_anthropic_ei_2026_01_15|src_bls_oews_2024|src_bls_proj_2024_2034|src_bls_cps_occupation_unemployment_2026_03,2024,low,role_shape_heterogeneity,medium,0.11,"Role-heterogeneity mismatch points to occupation shape assumptions, missing multi-anchor variants, or overstated uniformity within the occupation.",launch_stub_generated|btos_covered_share=0.984|btos_percentile=1.000|derived_launch_aggregate|knowledge_share=0.47|people_share=0.20|routine_share=0.23|labor_context_2024
occ_27_3031_00,Public Relations Specialists,0.543,0.678,0.382,0.835,0.64,0.85,0.424,0.85,0.254,0.78,0.6,0.78,0.339,0.881,0.605,0.426,0.507,0.547,0.339,0.577,0.223,0.062,0.044,0.133,0.123,0.085,0.023,0.116,ok,ok,low,low,ok,ok,ok,src_oecd_job_quality_2014|src_onet_30_1|src_internal_stub_2026_03,src_bls_ors_2025_prelim,src_census_acs_2024_1yr_pums_api,src_census_btos_2026_03|src_census_btos_2026_03|src_census_btos_2026_03|src_census_btos_2026_03|src_census_btos_2026_03|src_census_btos_2026_03|src_census_btos_2026_03|src_census_btos_2026_03|src_census_btos_2026_03|src_census_btos_2026_03|src_census_btos_2026_03|src_census_btos_2026_03|src_census_btos_2026_03|src_census_btos_2026_03|src_census_btos_2026_03|src_census_btos_2026_03|src_census_btos_2026_03|src_census_btos_2026_03|src_census_btos_2026_03,src_onet_30_1|src_anthropic_ei_2026_01_15|src_bls_oews_2024|src_bls_proj_2024_2034|src_bls_cps_occupation_unemployment_2026_03,2024,low,role_shape_heterogeneity,medium,0.102,"Role-heterogeneity mismatch points to occupation shape assumptions, missing multi-anchor variants, or overstated uniformity within the occupation.",launch_stub_generated|btos_covered_share=0.868|btos_percentile=0.645|derived_launch_aggregate|knowledge_share=0.44|people_share=0.42|routine_share=0.14|labor_context_2024
occ_27_3041_00,Editors,,0,0.446,0.88,0.513,0.85,0.553,0.85,0.259,0.64,0.663,0.64,0.386,0.81,0.635,0.409,0.503,0.624,0.299,0.62,0.19,,0.037,0.01,0.071,0.04,0.043,0.196,ok,ok,ok,ok,ok,ok,medium,src_oecd_job_quality_2014|src_onet_30_1|src_internal_stub_2026_03,,src_census_acs_2024_1yr_pums_api,src_census_btos_2026_03|src_census_btos_2026_03|src_census_btos_2026_03|src_census_btos_2026_03|src_census_btos_2026_03|src_census_btos_2026_03|src_census_btos_2026_03|src_census_btos_2026_03|src_census_btos_2026_03|src_census_btos_2026_03|src_census_btos_2026_03|src_census_btos_2026_03|src_census_btos_2026_03|src_census_btos_2026_03|src_census_btos_2026_03,src_onet_30_1|src_anthropic_ei_2026_01_15|src_bls_oews_2024|src_bls_proj_2024_2034|src_bls_cps_occupation_unemployment_2026_03,2024,medium,role_shape_heterogeneity,medium,0.159,"Role-heterogeneity mismatch points to occupation shape assumptions, missing multi-anchor variants, or overstated uniformity within the occupation.",launch_stub_generated|btos_covered_share=0.986|btos_percentile=0.935|derived_launch_aggregate|knowledge_share=0.77|people_share=0.06|routine_share=0.06|labor_context_2024
occ_27_3042_00,Technical Writers,,0,0.361,0.876,0.426,0.85,0.538,0.85,0.391,0.69,0.588,0.69,0.369,0.808,0.57,0.449,0.444,0.447,0.403,0.518,0.277,,0.088,0.018,0.091,0.012,0.07,0.092,ok,ok,ok,ok,ok,ok,ok,src_oecd_job_quality_2014|src_onet_30_1|src_internal_stub_2026_03,,src_census_acs_2024_1yr_pums_api,src_census_btos_2026_03|src_census_btos_2026_03|src_census_btos_2026_03|src_census_btos_2026_03|src_census_btos_2026_03|src_census_btos_2026_03|src_census_btos_2026_03|src_census_btos_2026_03|src_census_btos_2026_03|src_census_btos_2026_03|src_census_btos_2026_03|src_census_btos_2026_03|src_census_btos_2026_03|src_census_btos_2026_03|src_census_btos_2026_03|src_census_btos_2026_03|src_census_btos_2026_03|src_census_btos_2026_03,src_onet_30_1|src_anthropic_ei_2026_01_15|src_bls_oews_2024|src_bls_proj_2024_2034|src_bls_cps_occupation_unemployment_2026_03,2024,ok,adoption_realization,medium,0.077,BTOS adoption-context mismatch points to organizational conversion or adoption-realization assumptions rather than core task reachability.,launch_stub_generated|btos_covered_share=0.964|btos_percentile=0.548|derived_launch_aggregate|knowledge_share=0.58|people_share=0.01|routine_share=0.28|labor_context_2024
occ_27_3043_00,Writers and Authors,,0,0.403,0.873,0.688,0.85,0.439,0.85,0.171,0.74,0.648,0.74,0.331,0.85,0.538,0.425,0.655,0.54,0.319,0.551,0.229,,0.021,0.033,0.101,0.149,0.097,0.102,ok,ok,ok,ok,low,ok,ok,src_oecd_job_quality_2014|src_onet_30_1|src_internal_stub_2026_03,,src_census_acs_2024_1yr_pums_api,src_census_btos_2026_03|src_census_btos_2026_03|src_census_btos_2026_03|src_census_btos_2026_03|src_census_btos_2026_03|src_census_btos_2026_03|src_census_btos_2026_03|src_census_btos_2026_03|src_census_btos_2026_03|src_census_btos_2026_03|src_census_btos_2026_03|src_census_btos_2026_03|src_census_btos_2026_03|src_census_btos_2026_03|src_census_btos_2026_03|src_census_btos_2026_03|src_census_btos_2026_03|src_census_btos_2026_03,src_onet_30_1|src_anthropic_ei_2026_01_15|src_bls_oews_2024|src_bls_proj_2024_2034|src_bls_cps_occupation_unemployment_2026_03,2024,low,task_pressure,medium,0.11,"Routine-pressure mismatch points to task-pressure weighting, routine-share assumptions, or cluster/task mapping.",launch_stub_generated|btos_covered_share=0.961|btos_percentile=0.742|derived_launch_aggregate|knowledge_share=0.52|people_share=0.45|routine_share=0.00|labor_context_2024
occ_41_3011_00,Advertising Sales Agents,,0,0.453,0.889,0.132,0.85,0.402,0.85,0.215,0.78,0.559,0.78,0.3,0.86,0.637,0.386,0.443,0.625,0.289,0.625,0.194,,0.067,0.311,0.223,0.074,0.066,0.106,ok,ok,high,high,ok,ok,ok,src_oecd_job_quality_2014|src_onet_30_1|src_internal_stub_2026_03,,src_census_acs_2024_1yr_pums_api,src_census_btos_2026_03|src_census_btos_2026_03|src_census_btos_2026_03|src_census_btos_2026_03|src_census_btos_2026_03|src_census_btos_2026_03|src_census_btos_2026_03|src_census_btos_2026_03|src_census_btos_2026_03|src_census_btos_2026_03|src_census_btos_2026_03|src_census_btos_2026_03|src_census_btos_2026_03|src_census_btos_2026_03|src_census_btos_2026_03,src_onet_30_1|src_anthropic_ei_2026_01_15|src_bls_oews_2024|src_bls_proj_2024_2034|src_bls_cps_occupation_unemployment_2026_03,2024,high,demand_and_adoption,weak,0.159,Demand-context mismatch points to demand-expansion or adoption-realization assumptions rather than core task reachability.,launch_stub_generated|btos_covered_share=0.992|btos_percentile=0.968|derived_launch_aggregate|knowledge_share=0.34|people_share=0.57|routine_share=0.10|labor_context_2024
occ_41_3091_00,"Sales Representatives of Services, Except Advertising, Insurance, Financial Services, and Travel",0.373,0.763,0.375,0.882,0.394,0.85,0.462,0.85,0.213,0.36,0.405,0.36,0.246,0.743,0.589,0.382,0.448,0.573,0.247,0.59,0.194,0.216,0.007,0.054,0.111,0.034,0.184,0.052,medium,ok,ok,ok,ok,low,ok,src_oecd_job_quality_2014|src_onet_30_1|src_internal_stub_2026_03,src_bls_ors_2025_prelim,src_census_acs_2024_1yr_pums_api,src_census_btos_2026_03|src_census_btos_2026_03|src_census_btos_2026_03|src_census_btos_2026_03|src_census_btos_2026_03|src_census_btos_2026_03|src_census_btos_2026_03|src_census_btos_2026_03|src_census_btos_2026_03|src_census_btos_2026_03|src_census_btos_2026_03|src_census_btos_2026_03|src_census_btos_2026_03|src_census_btos_2026_03|src_census_btos_2026_03|src_census_btos_2026_03|src_census_btos_2026_03|src_census_btos_2026_03|src_census_btos_2026_03,src_onet_30_1|src_anthropic_ei_2026_01_15|src_bls_oews_2024|src_bls_proj_2024_2034|src_bls_cps_occupation_unemployment_2026_03,2024,medium,accountability_guardrails,strong,0.19,"Human-constraint mismatch points to function anchors, accountability weights, or trust/liability guardrails.",launch_stub_generated|btos_covered_share=0.997|btos_percentile=0.613|derived_launch_aggregate|knowledge_share=0.00|people_share=1.00|routine_share=0.00|labor_context_2024
occ_43_3031_00,"Bookkeeping, Accounting, and Auditing Clerks",0.423,0.806,0.29,0.864,0.264,0.85,0.091,0.85,0.586,0.59,0.432,0.59,0.381,0.824,0.55,0.448,0.339,0.439,0.399,0.513,0.237,0.127,0.158,0.075,0.348,0.187,0.081,0.144,low,low,ok,high,medium,ok,low,src_oecd_job_quality_2014|src_onet_30_1|src_internal_stub_2026_03,src_bls_ors_2025_prelim,src_census_acs_2024_1yr_pums_api,src_census_btos_2026_03|src_census_btos_2026_03|src_census_btos_2026_03|src_census_btos_2026_03|src_census_btos_2026_03|src_census_btos_2026_03|src_census_btos_2026_03|src_census_btos_2026_03|src_census_btos_2026_03|src_census_btos_2026_03|src_census_btos_2026_03|src_census_btos_2026_03|src_census_btos_2026_03|src_census_btos_2026_03|src_census_btos_2026_03|src_census_btos_2026_03|src_census_btos_2026_03|src_census_btos_2026_03|src_census_btos_2026_03,src_onet_30_1|src_anthropic_ei_2026_01_15|src_bls_oews_2024|src_bls_proj_2024_2034|src_bls_cps_occupation_unemployment_2026_03,2024,high,bargaining_power,weak,0.177,Wage-leverage mismatch points to retained bargaining-power weights or function-level leverage assumptions.,launch_stub_generated|btos_covered_share=0.944|btos_percentile=0.226|derived_launch_aggregate|knowledge_share=0.45|people_share=0.00|routine_share=0.51|labor_context_2024
occ_43_4051_00,Customer Service Representatives,0.499,0.721,0.254,0.872,0.29,0.85,0,0.85,0.307,0.59,0.354,0.59,0.284,0.824,0.534,0.412,0.378,0.433,0.352,0.507,0.257,0.035,0.158,0.088,0.433,0.045,0.152,0.027,ok,low,ok,high,ok,low,ok,src_oecd_job_quality_2014|src_onet_30_1|src_internal_stub_2026_03,src_bls_ors_2025_prelim,src_census_acs_2024_1yr_pums_api,src_census_btos_2026_03|src_census_btos_2026_03|src_census_btos_2026_03|src_census_btos_2026_03|src_census_btos_2026_03|src_census_btos_2026_03|src_census_btos_2026_03|src_census_btos_2026_03|src_census_btos_2026_03|src_census_btos_2026_03|src_census_btos_2026_03|src_census_btos_2026_03|src_census_btos_2026_03|src_census_btos_2026_03|src_census_btos_2026_03|src_census_btos_2026_03|src_census_btos_2026_03|src_census_btos_2026_03|src_census_btos_2026_03,src_onet_30_1|src_anthropic_ei_2026_01_15|src_bls_oews_2024|src_bls_proj_2024_2034|src_bls_cps_occupation_unemployment_2026_03,2024,high,bargaining_power,weak,0.221,Wage-leverage mismatch points to retained bargaining-power weights or function-level leverage assumptions.,launch_stub_generated|btos_covered_share=0.960|btos_percentile=0.065|derived_launch_aggregate|knowledge_share=0.01|people_share=0.78|routine_share=0.10|labor_context_2024
occ_43_6011_00,Executive Secretaries and Executive Administrative Assistants,0.306,0.806,0.325,0.853,0.292,0.85,0.364,0.85,0.585,0.61,0.427,0.61,0.349,0.831,0.445,0.435,0.356,0.375,0.4,0.453,0.32,0.139,0.11,0.064,0.011,0.185,0.026,0.029,low,ok,ok,ok,medium,ok,ok,src_oecd_job_quality_2014|src_onet_30_1|src_internal_stub_2026_03,src_bls_ors_2025_prelim,src_census_acs_2024_1yr_pums_api,src_census_btos_2026_03|src_census_btos_2026_03|src_census_btos_2026_03|src_census_btos_2026_03|src_census_btos_2026_03|src_census_btos_2026_03|src_census_btos_2026_03|src_census_btos_2026_03|src_census_btos_2026_03|src_census_btos_2026_03|src_census_btos_2026_03|src_census_btos_2026_03|src_census_btos_2026_03|src_census_btos_2026_03|src_census_btos_2026_03|src_census_btos_2026_03|src_census_btos_2026_03|src_census_btos_2026_03|src_census_btos_2026_03,src_onet_30_1|src_anthropic_ei_2026_01_15|src_bls_oews_2024|src_bls_proj_2024_2034|src_bls_cps_occupation_unemployment_2026_03,2024,medium,accountability_guardrails,strong,0.129,"Human-constraint mismatch points to function anchors, accountability weights, or trust/liability guardrails.",launch_stub_generated|btos_covered_share=0.918|btos_percentile=0.387|derived_launch_aggregate|knowledge_share=0.35|people_share=0.10|routine_share=0.54|labor_context_2024
occ_43_6014_00,"Secretaries and Administrative Assistants, Except Legal, Medical, and Executive",0.265,0.806,0.275,0.85,0.33,0.85,0.076,0.85,0.721,0.53,0.274,0.53,0.364,0.803,0.469,0.434,0.284,0.366,0.364,0.459,0.276,0.204,0.159,0.046,0.29,0.357,0.185,0.088,medium,low,ok,high,medium,medium,ok,src_oecd_job_quality_2014|src_onet_30_1|src_internal_stub_2026_03,src_bls_ors_2025_prelim,src_census_acs_2024_1yr_pums_api,src_census_btos_2026_03|src_census_btos_2026_03|src_census_btos_2026_03|src_census_btos_2026_03|src_census_btos_2026_03|src_census_btos_2026_03|src_census_btos_2026_03|src_census_btos_2026_03|src_census_btos_2026_03|src_census_btos_2026_03|src_census_btos_2026_03|src_census_btos_2026_03|src_census_btos_2026_03|src_census_btos_2026_03|src_census_btos_2026_03|src_census_btos_2026_03|src_census_btos_2026_03|src_census_btos_2026_03|src_census_btos_2026_03,src_onet_30_1|src_anthropic_ei_2026_01_15|src_bls_oews_2024|src_bls_proj_2024_2034|src_bls_cps_occupation_unemployment_2026_03,2024,high,task_pressure,medium,0.189,"Routine-pressure mismatch points to task-pressure weighting, routine-share assumptions, or cluster/task mapping.",launch_stub_generated|btos_covered_share=0.912|btos_percentile=0.161|derived_launch_aggregate|knowledge_share=0.10|people_share=0.18|routine_share=0.69|labor_context_2024
occ_43_9061_00,"Office Clerks, General",0.294,0.806,0.268,0.822,0.212,0.85,0.061,0.85,0.738,0.51,0.284,0.51,0.388,0.796,0.462,0.444,0.259,0.318,0.397,0.437,0.289,0.168,0.176,0.047,0.257,0.34,0.153,0.099,low,low,ok,high,medium,low,ok,src_oecd_job_quality_2014|src_onet_30_1|src_internal_stub_2026_03,src_bls_ors_2025_prelim,src_census_acs_2024_1yr_pums_api,src_census_btos_2026_03|src_census_btos_2026_03|src_census_btos_2026_03|src_census_btos_2026_03|src_census_btos_2026_03|src_census_btos_2026_03|src_census_btos_2026_03|src_census_btos_2026_03|src_census_btos_2026_03|src_census_btos_2026_03|src_census_btos_2026_03|src_census_btos_2026_03|src_census_btos_2026_03|src_census_btos_2026_03|src_census_btos_2026_03|src_census_btos_2026_03|src_census_btos_2026_03|src_census_btos_2026_03|src_census_btos_2026_03,src_onet_30_1|src_anthropic_ei_2026_01_15|src_bls_oews_2024|src_bls_proj_2024_2034|src_bls_cps_occupation_unemployment_2026_03,2024,high,task_pressure,medium,0.173,"Routine-pressure mismatch points to task-pressure weighting, routine-share assumptions, or cluster/task mapping.",launch_stub_generated|btos_covered_share=0.835|btos_percentile=0.129|derived_launch_aggregate|knowledge_share=0.19|people_share=0.11|routine_share=0.70|labor_context_2024
occ_43_9111_00,Statistical Assistants,,0,0.396,0.842,0.334,0.85,0.098,0.85,0.307,0.67,0.586,0.67,0.385,0.79,0.506,0.439,0.463,0.449,0.387,0.495,0.274,,0.043,0.129,0.351,0.079,0.091,0.111,ok,ok,low,high,ok,ok,ok,src_oecd_job_quality_2014|src_onet_30_1|src_internal_stub_2026_03,,src_census_acs_2024_1yr_pums_api,src_census_btos_2026_03|src_census_btos_2026_03|src_census_btos_2026_03|src_census_btos_2026_03|src_census_btos_2026_03|src_census_btos_2026_03|src_census_btos_2026_03|src_census_btos_2026_03|src_census_btos_2026_03|src_census_btos_2026_03|src_census_btos_2026_03|src_census_btos_2026_03|src_census_btos_2026_03|src_census_btos_2026_03|src_census_btos_2026_03|src_census_btos_2026_03|src_census_btos_2026_03|src_census_btos_2026_03,src_onet_30_1|src_anthropic_ei_2026_01_15|src_bls_oews_2024|src_bls_proj_2024_2034|src_bls_cps_occupation_unemployment_2026_03,2024,high,bargaining_power,weak,0.179,Wage-leverage mismatch points to retained bargaining-power weights or function-level leverage assumptions.,launch_stub_generated|btos_covered_share=0.889|btos_percentile=0.710|derived_launch_aggregate|knowledge_share=0.61|people_share=0.08|routine_share=0.14|labor_context_2024
