"occupation_id","onet_task_id","task_cluster_id","membership_weight","mapping_method","mapping_confidence","notes"
"occ_11_1021_00","19501","cluster_oversight_strategy","1.00","keyword_inference","0.57","onet_keyword_inference"
"occ_11_1021_00","20699","cluster_qa_review","1.00","keyword_inference","0.47","onet_keyword_inference"
"occ_11_1021_00","20700","cluster_oversight_strategy","1.00","keyword_inference","0.45","onet_keyword_inference"
"occ_11_1021_00","20701","cluster_workflow_admin","1.00","keyword_inference","0.45","onet_keyword_inference"
"occ_11_1021_00","20702","cluster_coordination","1.00","keyword_inference","0.36","onet_keyword_inference"
"occ_11_1021_00","20703","cluster_coordination","1.00","keyword_inference","0.48","onet_keyword_inference"
"occ_11_1021_00","20704","cluster_coordination","1.00","keyword_inference","0.36","onet_keyword_inference"
"occ_11_1021_00","20705","cluster_coordination","1.00","keyword_inference","0.36","onet_keyword_inference"
"occ_11_1021_00","20706","cluster_oversight_strategy","1.00","keyword_inference","0.55","onet_keyword_inference"
"occ_11_1021_00","20707","cluster_client_interaction","1.00","keyword_inference","0.48","onet_keyword_inference"
"occ_11_1021_00","20708","cluster_oversight_strategy","1.00","keyword_inference","0.45","onet_keyword_inference"
"occ_11_1021_00","933","cluster_coordination","1.00","keyword_inference","0.48","onet_keyword_inference"
"occ_11_1021_00","944","cluster_client_interaction","1.00","keyword_inference","0.48","onet_keyword_inference"
"occ_11_1021_00","945","cluster_drafting","1.00","keyword_inference","0.46","onet_keyword_inference"
"occ_11_1021_00","947","cluster_oversight_strategy","1.00","keyword_inference","0.45","onet_keyword_inference"
"occ_11_1021_00","948","cluster_decision_support","1.00","keyword_inference","0.56","onet_keyword_inference"
"occ_11_1021_00","949","cluster_drafting","1.00","keyword_inference","0.45","onet_keyword_inference"
"occ_13_1041_00","21446","cluster_coordination","1.00","keyword_inference","0.36","onet_keyword_inference"
"occ_13_1041_00","21447","cluster_documentation","1.00","keyword_inference","0.57","onet_keyword_inference"
"occ_13_1041_00","21448","cluster_client_interaction","1.00","keyword_inference","0.40","onet_keyword_inference"
"occ_13_1041_00","21449","cluster_decision_support","1.00","keyword_inference","0.47","onet_keyword_inference"
"occ_13_1041_00","21450","cluster_documentation","1.00","keyword_inference","0.45","onet_keyword_inference"
"occ_13_1041_00","21451","cluster_coordination","1.00","keyword_inference","0.36","onet_keyword_inference"
"occ_13_1041_00","21452","cluster_coordination","1.00","keyword_inference","0.36","onet_keyword_inference"
"occ_13_1041_00","21453","cluster_research_synthesis","1.00","keyword_inference","0.42","onet_keyword_inference"
"occ_13_1041_00","21454","cluster_qa_review","1.00","keyword_inference","0.46","onet_keyword_inference"
"occ_13_1041_00","21455","cluster_qa_review","1.00","keyword_inference","0.45","onet_keyword_inference"
"occ_13_1041_00","21456","cluster_qa_review","1.00","keyword_inference","0.46","onet_keyword_inference"
"occ_13_1041_00","21457","cluster_execution_routine","1.00","keyword_inference","0.48","onet_keyword_inference"
"occ_13_1041_00","21458","cluster_research_synthesis","1.00","keyword_inference","0.46","onet_keyword_inference"
"occ_13_1041_00","21459","cluster_coordination","1.00","keyword_inference","0.36","onet_keyword_inference"
"occ_13_1041_00","21460","cluster_qa_review","1.00","keyword_inference","0.59","onet_keyword_inference"
"occ_13_1041_00","21461","cluster_documentation","1.00","keyword_inference","0.48","onet_keyword_inference"
"occ_13_1071_00","18852","cluster_relationship_management","1.00","keyword_inference","0.36","onet_keyword_inference"
"occ_13_1071_00","18853","cluster_analysis","1.00","keyword_inference","0.47","onet_keyword_inference"
"occ_13_1071_00","18854","cluster_relationship_management","1.00","keyword_inference","0.36","onet_keyword_inference"
"occ_13_1071_00","18855","cluster_relationship_management","1.00","keyword_inference","0.36","onet_keyword_inference"
"occ_13_1071_00","18856","cluster_drafting","1.00","keyword_inference","0.46","onet_keyword_inference"
"occ_13_1071_00","18857","cluster_relationship_management","1.00","keyword_inference","0.36","onet_keyword_inference"
"occ_13_1071_00","18858","cluster_relationship_management","1.00","keyword_inference","0.48","onet_keyword_inference"
"occ_13_1071_00","18859","cluster_execution_routine","1.00","keyword_inference","0.47","onet_keyword_inference"
"occ_13_1071_00","18860","cluster_coordination","1.00","keyword_inference","0.44","onet_keyword_inference"
"occ_13_1071_00","18861","cluster_analysis","1.00","keyword_inference","0.43","onet_keyword_inference"
"occ_13_1071_00","18862","cluster_relationship_management","1.00","keyword_inference","0.36","onet_keyword_inference"
"occ_13_1071_00","18863","cluster_documentation","1.00","keyword_inference","0.48","onet_keyword_inference"
"occ_13_1071_00","18864","cluster_relationship_management","1.00","keyword_inference","0.36","onet_keyword_inference"
"occ_13_1071_00","18865","cluster_relationship_management","1.00","keyword_inference","0.48","onet_keyword_inference"
"occ_13_1071_00","18866","cluster_documentation","1.00","keyword_inference","0.45","onet_keyword_inference"
"occ_13_1071_00","18867","cluster_documentation","1.00","keyword_inference","0.48","onet_keyword_inference"
"occ_13_1071_00","18868","cluster_qa_review","1.00","keyword_inference","0.47","onet_keyword_inference"
"occ_13_1071_00","18869","cluster_qa_review","1.00","keyword_inference","0.46","onet_keyword_inference"
"occ_13_1071_00","18870","cluster_coordination","1.00","keyword_inference","0.44","onet_keyword_inference"
"occ_13_1071_00","18871","cluster_decision_support","1.00","keyword_inference","0.47","onet_keyword_inference"
"occ_13_1071_00","18872","cluster_relationship_management","1.00","keyword_inference","0.48","onet_keyword_inference"
"occ_13_1071_00","18873","cluster_coordination","1.00","keyword_inference","0.48","onet_keyword_inference"
"occ_13_1071_00","18874","cluster_relationship_management","1.00","keyword_inference","0.48","onet_keyword_inference"
"occ_13_1071_00","18875","cluster_research_synthesis","1.00","keyword_inference","0.47","onet_keyword_inference"
"occ_13_1071_00","18876","cluster_qa_review","1.00","keyword_inference","0.47","onet_keyword_inference"
"occ_13_1071_00","21097","cluster_workflow_admin","1.00","keyword_inference","0.45","onet_keyword_inference"
"occ_13_1081_00","20847","cluster_oversight_strategy","1.00","keyword_inference","0.57","onet_keyword_inference"
"occ_13_1081_00","8932","cluster_client_interaction","1.00","keyword_inference","0.47","onet_keyword_inference"
"occ_13_1081_00","8933","cluster_client_interaction","1.00","keyword_inference","0.47","onet_keyword_inference"
"occ_13_1081_00","8934","cluster_oversight_strategy","1.00","keyword_inference","0.45","onet_keyword_inference"
"occ_13_1081_00","8935","cluster_client_interaction","1.00","keyword_inference","0.47","onet_keyword_inference"
"occ_13_1081_00","8936","cluster_coordination","1.00","keyword_inference","0.36","onet_keyword_inference"
"occ_13_1081_00","8937","cluster_client_interaction","1.00","keyword_inference","0.47","onet_keyword_inference"
"occ_13_1081_00","8938","cluster_drafting","1.00","keyword_inference","0.46","onet_keyword_inference"
"occ_13_1081_00","8939","cluster_workflow_admin","1.00","keyword_inference","0.55","onet_keyword_inference"
"occ_13_1081_00","8940","cluster_documentation","1.00","keyword_inference","0.45","onet_keyword_inference"
"occ_13_1081_00","8941","cluster_analysis","1.00","keyword_inference","0.47","onet_keyword_inference"
"occ_13_1081_00","8942","cluster_client_interaction","1.00","keyword_inference","0.53","onet_keyword_inference"
"occ_13_1081_00","8943","cluster_documentation","1.00","keyword_inference","0.48","onet_keyword_inference"
"occ_13_1081_00","8944","cluster_decision_support","1.00","keyword_inference","0.53","onet_keyword_inference"
"occ_13_1081_00","8945","cluster_analysis","1.00","keyword_inference","0.47","onet_keyword_inference"
"occ_13_1081_00","8946","cluster_qa_review","1.00","keyword_inference","0.47","onet_keyword_inference"
"occ_13_1081_00","8947","cluster_drafting","1.00","keyword_inference","0.46","onet_keyword_inference"
"occ_13_1081_00","8948","cluster_execution_routine","1.00","keyword_inference","0.48","onet_keyword_inference"
"occ_13_1081_00","8949","cluster_drafting","1.00","keyword_inference","0.45","onet_keyword_inference"
"occ_13_1081_00","8950","cluster_qa_review","1.00","keyword_inference","0.47","onet_keyword_inference"
"occ_13_1081_00","8951","cluster_coordination","1.00","keyword_inference","0.48","onet_keyword_inference"
"occ_13_1081_00","8952","cluster_analysis","1.00","keyword_inference","0.47","onet_keyword_inference"
"occ_13_1082_00","21462","cluster_workflow_admin","1.00","keyword_inference","0.45","onet_keyword_inference"
"occ_13_1082_00","21463","cluster_client_interaction","1.00","keyword_inference","0.45","onet_keyword_inference"
"occ_13_1082_00","21464","cluster_relationship_management","1.00","keyword_inference","0.40","onet_keyword_inference"
"occ_13_1082_00","21465","cluster_client_interaction","1.00","keyword_inference","0.54","onet_keyword_inference"
"occ_13_1082_00","21466","cluster_drafting","1.00","keyword_inference","0.46","onet_keyword_inference"
"occ_13_1082_00","21467","cluster_qa_review","1.00","keyword_inference","0.47","onet_keyword_inference"
"occ_13_1082_00","21468","cluster_qa_review","1.00","keyword_inference","0.47","onet_keyword_inference"
"occ_13_1082_00","21469","cluster_coordination","1.00","keyword_inference","0.36","onet_keyword_inference"
"occ_13_1082_00","21470","cluster_coordination","1.00","keyword_inference","0.36","onet_keyword_inference"
"occ_13_1082_00","21471","cluster_coordination","1.00","keyword_inference","0.36","onet_keyword_inference"
"occ_13_1082_00","21472","cluster_client_interaction","1.00","keyword_inference","0.45","onet_keyword_inference"
"occ_13_1082_00","21473","cluster_coordination","1.00","keyword_inference","0.56","onet_keyword_inference"
"occ_13_1082_00","21474","cluster_documentation","1.00","keyword_inference","0.45","onet_keyword_inference"
"occ_13_1082_00","21475","cluster_documentation","1.00","keyword_inference","0.47","onet_keyword_inference"
"occ_13_1082_00","21476","cluster_qa_review","1.00","keyword_inference","0.47","onet_keyword_inference"
"occ_13_1082_00","21477","cluster_relationship_management","1.00","keyword_inference","0.47","onet_keyword_inference"
"occ_13_1082_00","21478","cluster_client_interaction","1.00","keyword_inference","0.48","onet_keyword_inference"
"occ_13_1082_00","21479","cluster_qa_review","1.00","keyword_inference","0.47","onet_keyword_inference"
"occ_13_1082_00","21480","cluster_coordination","1.00","keyword_inference","0.44","onet_keyword_inference"
"occ_13_1082_00","21481","cluster_client_interaction","1.00","keyword_inference","0.48","onet_keyword_inference"
"occ_13_1111_00","7276","cluster_coordination","1.00","keyword_inference","0.43","onet_keyword_inference"
"occ_13_1111_00","7277","cluster_analysis","1.00","keyword_inference","0.48","onet_keyword_inference"
"occ_13_1111_00","7278","cluster_decision_support","1.00","keyword_inference","0.36","onet_keyword_inference"
"occ_13_1111_00","7279","cluster_drafting","1.00","keyword_inference","0.46","onet_keyword_inference"
"occ_13_1111_00","7280","cluster_qa_review","1.00","keyword_inference","0.47","onet_keyword_inference"
"occ_13_1111_00","7281","cluster_decision_support","1.00","keyword_inference","0.36","onet_keyword_inference"
"occ_13_1111_00","7282","cluster_decision_support","1.00","keyword_inference","0.48","onet_keyword_inference"
"occ_13_1111_00","7283","cluster_oversight_strategy","1.00","keyword_inference","0.45","onet_keyword_inference"
"occ_13_1111_00","7284","cluster_decision_support","1.00","keyword_inference","0.48","onet_keyword_inference"
"occ_13_1111_00","7285","cluster_analysis","1.00","keyword_inference","0.48","onet_keyword_inference"
"occ_13_1111_00","7286","cluster_decision_support","1.00","keyword_inference","0.48","onet_keyword_inference"
"occ_13_1151_00","100","cluster_relationship_management","1.00","keyword_inference","0.48","onet_keyword_inference"
"occ_13_1151_00","101","cluster_analysis","1.00","keyword_inference","0.45","onet_keyword_inference"
"occ_13_1151_00","102","cluster_drafting","1.00","keyword_inference","0.46","onet_keyword_inference"
"occ_13_1151_00","103","cluster_client_interaction","1.00","keyword_inference","0.54","onet_keyword_inference"
"occ_13_1151_00","105","cluster_workflow_admin","1.00","keyword_inference","0.45","onet_keyword_inference"
"occ_13_1151_00","106","cluster_drafting","1.00","keyword_inference","0.46","onet_keyword_inference"
"occ_13_1151_00","108","cluster_client_interaction","1.00","keyword_inference","0.48","onet_keyword_inference"
"occ_13_1151_00","111","cluster_client_interaction","1.00","keyword_inference","0.42","onet_keyword_inference"
"occ_13_1151_00","19558","cluster_drafting","1.00","keyword_inference","0.46","onet_keyword_inference"
"occ_13_1151_00","19559","cluster_analysis","1.00","keyword_inference","0.45","onet_keyword_inference"
"occ_13_1151_00","20474","cluster_client_interaction","1.00","keyword_inference","0.48","onet_keyword_inference"
"occ_13_1151_00","20475","cluster_drafting","1.00","keyword_inference","0.46","onet_keyword_inference"
"occ_13_1151_00","20476","cluster_documentation","1.00","keyword_inference","0.45","onet_keyword_inference"
"occ_13_1151_00","20477","cluster_drafting","1.00","keyword_inference","0.46","onet_keyword_inference"
"occ_13_1151_00","93","cluster_drafting","1.00","keyword_inference","0.46","onet_keyword_inference"
"occ_13_1151_00","94","cluster_client_interaction","1.00","keyword_inference","0.42","onet_keyword_inference"
"occ_13_1151_00","95","cluster_coordination","1.00","keyword_inference","0.44","onet_keyword_inference"
"occ_13_1151_00","97","cluster_relationship_management","1.00","keyword_inference","0.36","onet_keyword_inference"
"occ_13_1151_00","98","cluster_documentation","1.00","keyword_inference","0.45","onet_keyword_inference"
"occ_13_1151_00","99","cluster_oversight_strategy","1.00","keyword_inference","0.45","onet_keyword_inference"
"occ_13_1161_00","5433","cluster_analysis","1.00","keyword_inference","0.48","onet_keyword_inference"
"occ_13_1161_00","5434","cluster_documentation","1.00","keyword_inference","0.45","onet_keyword_inference"
"occ_13_1161_00","5435","cluster_client_interaction","1.00","keyword_inference","0.48","onet_keyword_inference"
"occ_13_1161_00","5436","cluster_analysis","1.00","keyword_inference","0.48","onet_keyword_inference"
"occ_13_1161_00","5437","cluster_research_synthesis","1.00","keyword_inference","0.36","onet_keyword_inference"
"occ_13_1161_00","5438","cluster_coordination","1.00","keyword_inference","0.40","onet_keyword_inference"
"occ_13_1161_00","5439","cluster_research_synthesis","1.00","keyword_inference","0.48","onet_keyword_inference"
"occ_13_1161_00","5440","cluster_drafting","1.00","keyword_inference","0.45","onet_keyword_inference"
"occ_13_1161_00","5441","cluster_analysis","1.00","keyword_inference","0.48","onet_keyword_inference"
"occ_13_1161_00","5442","cluster_research_synthesis","1.00","keyword_inference","0.36","onet_keyword_inference"
"occ_13_1161_00","5443","cluster_analysis","1.00","keyword_inference","0.45","onet_keyword_inference"
"occ_13_1161_00","5444","cluster_drafting","1.00","keyword_inference","0.46","onet_keyword_inference"
"occ_13_1161_00","5445","cluster_oversight_strategy","1.00","keyword_inference","0.45","onet_keyword_inference"
"occ_13_2011_00","21505","cluster_qa_review","1.00","keyword_inference","0.48","onet_keyword_inference"
"occ_13_2011_00","21506","cluster_decision_support","1.00","keyword_inference","0.48","onet_keyword_inference"
"occ_13_2011_00","21507","cluster_analysis","1.00","keyword_inference","0.48","onet_keyword_inference"
"occ_13_2011_00","21508","cluster_qa_review","1.00","keyword_inference","0.45","onet_keyword_inference"
"occ_13_2011_00","21509","cluster_qa_review","1.00","keyword_inference","0.48","onet_keyword_inference"
"occ_13_2011_00","21510","cluster_analysis","1.00","keyword_inference","0.36","onet_keyword_inference"
"occ_13_2011_00","21511","cluster_analysis","1.00","keyword_inference","0.54","onet_keyword_inference"
"occ_13_2011_00","21512","cluster_qa_review","1.00","keyword_inference","0.45","onet_keyword_inference"
"occ_13_2011_00","21513","cluster_documentation","1.00","keyword_inference","0.45","onet_keyword_inference"
"occ_13_2011_00","21514","cluster_analysis","1.00","keyword_inference","0.66","onet_keyword_inference"
"occ_13_2011_00","21515","cluster_drafting","1.00","keyword_inference","0.41","onet_keyword_inference"
"occ_13_2011_00","21516","cluster_qa_review","1.00","keyword_inference","0.48","onet_keyword_inference"
"occ_13_2011_00","21517","cluster_workflow_admin","1.00","keyword_inference","0.45","onet_keyword_inference"
"occ_13_2011_00","21518","cluster_qa_review","1.00","keyword_inference","0.45","onet_keyword_inference"
"occ_13_2011_00","21519","cluster_analysis","1.00","keyword_inference","0.48","onet_keyword_inference"
"occ_13_2011_00","21520","cluster_documentation","1.00","keyword_inference","0.45","onet_keyword_inference"
"occ_13_2011_00","21521","cluster_documentation","1.00","keyword_inference","0.57","onet_keyword_inference"
"occ_13_2011_00","21522","cluster_analysis","1.00","keyword_inference","0.46","onet_keyword_inference"
"occ_13_2011_00","21523","cluster_oversight_strategy","1.00","keyword_inference","0.45","onet_keyword_inference"
"occ_13_2011_00","21524","cluster_qa_review","1.00","keyword_inference","0.48","onet_keyword_inference"
"occ_13_2011_00","21525","cluster_qa_review","1.00","keyword_inference","0.60","onet_keyword_inference"
"occ_13_2011_00","21526","cluster_documentation","1.00","keyword_inference","0.45","onet_keyword_inference"
"occ_13_2011_00","21527","cluster_client_interaction","1.00","keyword_inference","0.52","onet_keyword_inference"
"occ_13_2011_00","21529","cluster_documentation","1.00","keyword_inference","0.45","onet_keyword_inference"
"occ_13_2011_00","21530","cluster_qa_review","1.00","keyword_inference","0.48","onet_keyword_inference"
"occ_13_2011_00","21531","cluster_analysis","1.00","keyword_inference","0.48","onet_keyword_inference"
"occ_13_2011_00","21532","cluster_analysis","1.00","keyword_inference","0.58","onet_keyword_inference"
"occ_13_2011_00","21533","cluster_execution_routine","1.00","keyword_inference","0.48","onet_keyword_inference"
"occ_13_2011_00","21534","cluster_qa_review","1.00","keyword_inference","0.48","onet_keyword_inference"
"occ_13_2051_00","21579","cluster_client_interaction","1.00","keyword_inference","0.52","onet_keyword_inference"
"occ_13_2051_00","21580","cluster_analysis","1.00","keyword_inference","0.48","onet_keyword_inference"
"occ_13_2051_00","21581","cluster_client_interaction","1.00","keyword_inference","0.48","onet_keyword_inference"
"occ_13_2051_00","21582","cluster_analysis","1.00","keyword_inference","0.36","onet_keyword_inference"
"occ_13_2051_00","21583","cluster_client_interaction","1.00","keyword_inference","0.48","onet_keyword_inference"
"occ_13_2051_00","21584","cluster_analysis","1.00","keyword_inference","0.48","onet_keyword_inference"
"occ_13_2051_00","21585","cluster_client_interaction","1.00","keyword_inference","0.48","onet_keyword_inference"
"occ_13_2051_00","21586","cluster_client_interaction","1.00","keyword_inference","0.54","onet_keyword_inference"
"occ_13_2051_00","21587","cluster_analysis","1.00","keyword_inference","0.36","onet_keyword_inference"
"occ_13_2051_00","21588","cluster_client_interaction","1.00","keyword_inference","0.48","onet_keyword_inference"
"occ_13_2051_00","21589","cluster_documentation","1.00","keyword_inference","0.45","onet_keyword_inference"
"occ_13_2051_00","21590","cluster_drafting","1.00","keyword_inference","0.46","onet_keyword_inference"
"occ_13_2051_00","21591","cluster_analysis","1.00","keyword_inference","0.46","onet_keyword_inference"
"occ_13_2051_00","21592","cluster_analysis","1.00","keyword_inference","0.55","onet_keyword_inference"
"occ_13_2051_00","21593","cluster_analysis","1.00","keyword_inference","0.48","onet_keyword_inference"
"occ_13_2051_00","21594","cluster_analysis","1.00","keyword_inference","0.44","onet_keyword_inference"
"occ_13_2051_00","21595","cluster_drafting","1.00","keyword_inference","0.46","onet_keyword_inference"
"occ_13_2051_00","21596","cluster_analysis","1.00","keyword_inference","0.48","onet_keyword_inference"
"occ_13_2051_00","21597","cluster_analysis","1.00","keyword_inference","0.36","onet_keyword_inference"
"occ_13_2051_00","21598","cluster_drafting","1.00","keyword_inference","0.41","onet_keyword_inference"
"occ_13_2051_00","21599","cluster_analysis","1.00","keyword_inference","0.48","onet_keyword_inference"
"occ_13_2051_00","21600","cluster_documentation","1.00","keyword_inference","0.45","onet_keyword_inference"
"occ_13_2051_00","21601","cluster_oversight_strategy","1.00","keyword_inference","0.45","onet_keyword_inference"
"occ_13_2051_00","21602","cluster_decision_support","1.00","keyword_inference","0.48","onet_keyword_inference"
"occ_13_2051_00","21603","cluster_analysis","1.00","keyword_inference","0.36","onet_keyword_inference"
"occ_13_2051_00","21604","cluster_analysis","1.00","keyword_inference","0.36","onet_keyword_inference"
"occ_15_1211_00","20950","cluster_drafting","1.00","keyword_inference","0.36","onet_keyword_inference"
"occ_15_1211_00","3464","cluster_drafting","1.00","keyword_inference","0.36","onet_keyword_inference"
"occ_15_1211_00","3465","cluster_coordination","1.00","keyword_inference","0.48","onet_keyword_inference"
"occ_15_1211_00","3466","cluster_execution_routine","1.00","keyword_inference","0.47","onet_keyword_inference"
"occ_15_1211_00","3467","cluster_execution_routine","1.00","keyword_inference","0.47","onet_keyword_inference"
"occ_15_1211_00","3468","cluster_coordination","1.00","keyword_inference","0.48","onet_keyword_inference"
"occ_15_1211_00","3469","cluster_oversight_strategy","1.00","keyword_inference","0.45","onet_keyword_inference"
"occ_15_1211_00","3470","cluster_drafting","1.00","keyword_inference","0.36","onet_keyword_inference"
"occ_15_1211_00","3471","cluster_execution_routine","1.00","keyword_inference","0.47","onet_keyword_inference"
"occ_15_1211_00","3472","cluster_drafting","1.00","keyword_inference","0.36","onet_keyword_inference"
"occ_15_1211_00","3473","cluster_drafting","1.00","keyword_inference","0.36","onet_keyword_inference"
"occ_15_1211_00","3474","cluster_decision_support","1.00","keyword_inference","0.49","onet_keyword_inference"
"occ_15_1211_00","3475","cluster_drafting","1.00","keyword_inference","0.47","onet_keyword_inference"
"occ_15_1211_00","3476","cluster_drafting","1.00","keyword_inference","0.36","onet_keyword_inference"
"occ_15_1211_00","3477","cluster_drafting","1.00","keyword_inference","0.56","onet_keyword_inference"
"occ_15_1211_00","3478","cluster_qa_review","1.00","keyword_inference","0.48","onet_keyword_inference"
"occ_15_1211_00","3479","cluster_decision_support","1.00","keyword_inference","0.47","onet_keyword_inference"
"occ_15_1211_00","3480","cluster_drafting","1.00","keyword_inference","0.47","onet_keyword_inference"
"occ_15_1211_00","3481","cluster_analysis","1.00","keyword_inference","0.48","onet_keyword_inference"
"occ_15_1211_00","3482","cluster_analysis","1.00","keyword_inference","0.48","onet_keyword_inference"
"occ_15_1211_00","3483","cluster_analysis","1.00","keyword_inference","0.48","onet_keyword_inference"
"occ_15_1211_00","3484","cluster_decision_support","1.00","keyword_inference","0.41","onet_keyword_inference"
"occ_15_1252_00","21661","cluster_decision_support","1.00","keyword_inference","0.53","onet_keyword_inference"
"occ_15_1252_00","21662","cluster_analysis","1.00","keyword_inference","0.48","onet_keyword_inference"
"occ_15_1252_00","21663","cluster_execution_routine","1.00","keyword_inference","0.47","onet_keyword_inference"
"occ_15_1252_00","21664","cluster_analysis","1.00","keyword_inference","0.48","onet_keyword_inference"
"occ_15_1252_00","21665","cluster_client_interaction","1.00","keyword_inference","0.47","onet_keyword_inference"
"occ_15_1252_00","21666","cluster_coordination","1.00","keyword_inference","0.48","onet_keyword_inference"
"occ_15_1252_00","21667","cluster_drafting","1.00","keyword_inference","0.56","onet_keyword_inference"
"occ_15_1252_00","21668","cluster_drafting","1.00","keyword_inference","0.36","onet_keyword_inference"
"occ_15_1252_00","21669","cluster_documentation","1.00","keyword_inference","0.48","onet_keyword_inference"
"occ_15_1252_00","21670","cluster_drafting","1.00","keyword_inference","0.36","onet_keyword_inference"
"occ_15_1252_00","21671","cluster_drafting","1.00","keyword_inference","0.36","onet_keyword_inference"
"occ_15_1252_00","21672","cluster_analysis","1.00","keyword_inference","0.45","onet_keyword_inference"
"occ_15_1252_00","21673","cluster_documentation","1.00","keyword_inference","0.45","onet_keyword_inference"
"occ_15_1252_00","21676","cluster_analysis","1.00","keyword_inference","0.48","onet_keyword_inference"
"occ_15_1252_00","21677","cluster_drafting","1.00","keyword_inference","0.46","onet_keyword_inference"
"occ_15_1252_00","21678","cluster_drafting","1.00","keyword_inference","0.36","onet_keyword_inference"
"occ_15_1252_00","21679","cluster_drafting","1.00","keyword_inference","0.36","onet_keyword_inference"
"occ_15_1254_00","14694","cluster_drafting","1.00","keyword_inference","0.46","onet_keyword_inference"
"occ_15_1254_00","14695","cluster_oversight_strategy","1.00","keyword_inference","0.45","onet_keyword_inference"
"occ_15_1254_00","14697","cluster_drafting","1.00","keyword_inference","0.47","onet_keyword_inference"
"occ_15_1254_00","14698","cluster_oversight_strategy","1.00","keyword_inference","0.45","onet_keyword_inference"
"occ_15_1254_00","14700","cluster_analysis","1.00","keyword_inference","0.45","onet_keyword_inference"
"occ_15_1254_00","14701","cluster_drafting","1.00","keyword_inference","0.36","onet_keyword_inference"
"occ_15_1254_00","14702","cluster_analysis","1.00","keyword_inference","0.48","onet_keyword_inference"
"occ_15_1254_00","14704","cluster_drafting","1.00","keyword_inference","0.47","onet_keyword_inference"
"occ_15_1254_00","14705","cluster_drafting","1.00","keyword_inference","0.36","onet_keyword_inference"
"occ_15_1254_00","14706","cluster_drafting","1.00","keyword_inference","0.47","onet_keyword_inference"
"occ_15_1254_00","14707","cluster_drafting","1.00","keyword_inference","0.47","onet_keyword_inference"
"occ_15_1254_00","14708","cluster_coordination","1.00","keyword_inference","0.40","onet_keyword_inference"
"occ_15_1254_00","14710","cluster_qa_review","1.00","keyword_inference","0.47","onet_keyword_inference"
"occ_15_1254_00","14711","cluster_drafting","1.00","keyword_inference","0.46","onet_keyword_inference"
"occ_15_1254_00","14713","cluster_drafting","1.00","keyword_inference","0.36","onet_keyword_inference"
"occ_15_1254_00","14714","cluster_drafting","1.00","keyword_inference","0.47","onet_keyword_inference"
"occ_15_1254_00","14717","cluster_oversight_strategy","1.00","keyword_inference","0.45","onet_keyword_inference"
"occ_15_1254_00","14719","cluster_decision_support","1.00","keyword_inference","0.47","onet_keyword_inference"
"occ_15_1254_00","14722","cluster_coordination","1.00","keyword_inference","0.40","onet_keyword_inference"
"occ_15_1254_00","14723","cluster_drafting","1.00","keyword_inference","0.36","onet_keyword_inference"
"occ_15_1254_00","14724","cluster_drafting","1.00","keyword_inference","0.44","onet_keyword_inference"
"occ_15_1254_00","14725","cluster_decision_support","1.00","keyword_inference","0.47","onet_keyword_inference"
"occ_15_1254_00","14726","cluster_documentation","1.00","keyword_inference","0.48","onet_keyword_inference"
"occ_15_1254_00","14727","cluster_documentation","1.00","keyword_inference","0.48","onet_keyword_inference"
"occ_15_1254_00","14728","cluster_documentation","1.00","keyword_inference","0.48","onet_keyword_inference"
"occ_15_1254_00","14729","cluster_drafting","1.00","keyword_inference","0.36","onet_keyword_inference"
"occ_15_1254_00","14730","cluster_drafting","1.00","keyword_inference","0.47","onet_keyword_inference"
"occ_15_1254_00","21683","cluster_drafting","1.00","keyword_inference","0.46","onet_keyword_inference"
"occ_15_1254_00","21684","cluster_drafting","1.00","keyword_inference","0.46","onet_keyword_inference"
"occ_15_2031_00","20952","cluster_analysis","1.00","keyword_inference","0.48","onet_keyword_inference"
"occ_15_2031_00","20953","cluster_decision_support","1.00","keyword_inference","0.44","onet_keyword_inference"
"occ_15_2031_00","23986","cluster_research_synthesis","1.00","keyword_inference","0.48","onet_keyword_inference"
"occ_15_2031_00","7377","cluster_decision_support","1.00","keyword_inference","0.44","onet_keyword_inference"
"occ_15_2031_00","7378","cluster_analysis","1.00","keyword_inference","0.36","onet_keyword_inference"
"occ_15_2031_00","7379","cluster_analysis","1.00","keyword_inference","0.48","onet_keyword_inference"
"occ_15_2031_00","7380","cluster_qa_review","1.00","keyword_inference","0.46","onet_keyword_inference"
"occ_15_2031_00","7381","cluster_oversight_strategy","1.00","keyword_inference","0.45","onet_keyword_inference"
"occ_15_2031_00","7382","cluster_qa_review","1.00","keyword_inference","0.46","onet_keyword_inference"
"occ_15_2031_00","7383","cluster_analysis","1.00","keyword_inference","0.48","onet_keyword_inference"
"occ_15_2031_00","7384","cluster_decision_support","1.00","keyword_inference","0.48","onet_keyword_inference"
"occ_15_2031_00","7385","cluster_relationship_management","1.00","keyword_inference","0.47","onet_keyword_inference"
"occ_15_2031_00","7386","cluster_decision_support","1.00","keyword_inference","0.44","onet_keyword_inference"
"occ_15_2031_00","7387","cluster_analysis","1.00","keyword_inference","0.48","onet_keyword_inference"
"occ_15_2031_00","7388","cluster_drafting","1.00","keyword_inference","0.56","onet_keyword_inference"
"occ_15_2031_00","7389","cluster_qa_review","1.00","keyword_inference","0.48","onet_keyword_inference"
"occ_15_2031_00","7390","cluster_drafting","1.00","keyword_inference","0.46","onet_keyword_inference"
"occ_15_2051_00","21823","cluster_analysis","1.00","keyword_inference","0.48","onet_keyword_inference"
"occ_15_2051_00","21824","cluster_decision_support","1.00","keyword_inference","0.44","onet_keyword_inference"
"occ_15_2051_00","21825","cluster_analysis","1.00","keyword_inference","0.36","onet_keyword_inference"
"occ_15_2051_00","21826","cluster_analysis","1.00","keyword_inference","0.36","onet_keyword_inference"
"occ_15_2051_00","21827","cluster_decision_support","1.00","keyword_inference","0.44","onet_keyword_inference"
"occ_15_2051_00","21828","cluster_analysis","1.00","keyword_inference","0.48","onet_keyword_inference"
"occ_15_2051_00","21829","cluster_analysis","1.00","keyword_inference","0.48","onet_keyword_inference"
"occ_15_2051_00","21830","cluster_drafting","1.00","keyword_inference","0.45","onet_keyword_inference"
"occ_15_2051_00","21831","cluster_analysis","1.00","keyword_inference","0.48","onet_keyword_inference"
"occ_15_2051_00","21832","cluster_research_synthesis","1.00","keyword_inference","0.48","onet_keyword_inference"
"occ_15_2051_00","21833","cluster_analysis","1.00","keyword_inference","0.48","onet_keyword_inference"
"occ_15_2051_00","21834","cluster_analysis","1.00","keyword_inference","0.36","onet_keyword_inference"
"occ_15_2051_00","21835","cluster_analysis","1.00","keyword_inference","0.48","onet_keyword_inference"
"occ_15_2051_00","21836","cluster_decision_support","1.00","keyword_inference","0.48","onet_keyword_inference"
"occ_15_2051_00","21837","cluster_qa_review","1.00","keyword_inference","0.46","onet_keyword_inference"
"occ_15_2051_00","21838","cluster_analysis","1.00","keyword_inference","0.48","onet_keyword_inference"
"occ_17_2072_00","19621","cluster_research_synthesis","1.00","keyword_inference","0.46","onet_keyword_inference"
"occ_17_2072_00","19623","cluster_research_synthesis","1.00","keyword_inference","0.47","onet_keyword_inference"
"occ_17_2072_00","20493","cluster_analysis","1.00","keyword_inference","0.36","onet_keyword_inference"
"occ_17_2072_00","20494","cluster_analysis","1.00","keyword_inference","0.46","onet_keyword_inference"
"occ_17_2072_00","20495","cluster_analysis","1.00","keyword_inference","0.48","onet_keyword_inference"
"occ_17_2072_00","20496","cluster_client_interaction","1.00","keyword_inference","0.47","onet_keyword_inference"
"occ_17_2072_00","20497","cluster_drafting","1.00","keyword_inference","0.45","onet_keyword_inference"
"occ_17_2072_00","20498","cluster_decision_support","1.00","keyword_inference","0.48","onet_keyword_inference"
"occ_17_2072_00","20499","cluster_client_interaction","1.00","keyword_inference","0.47","onet_keyword_inference"
"occ_17_2072_00","20500","cluster_decision_support","1.00","keyword_inference","0.43","onet_keyword_inference"
"occ_17_2072_00","5339","cluster_drafting","1.00","keyword_inference","0.45","onet_keyword_inference"
"occ_17_2072_00","5346","cluster_qa_review","1.00","keyword_inference","0.45","onet_keyword_inference"
"occ_17_2072_00","5348","cluster_drafting","1.00","keyword_inference","0.52","onet_keyword_inference"
"occ_17_2072_00","5349","cluster_coordination","1.00","keyword_inference","0.48","onet_keyword_inference"
"occ_17_2072_00","5350","cluster_qa_review","1.00","keyword_inference","0.47","onet_keyword_inference"
"occ_17_2072_00","5351","cluster_drafting","1.00","keyword_inference","0.46","onet_keyword_inference"
"occ_17_2072_00","5352","cluster_drafting","1.00","keyword_inference","0.41","onet_keyword_inference"
"occ_17_2072_00","5354","cluster_documentation","1.00","keyword_inference","0.57","onet_keyword_inference"
"occ_17_2072_00","5355","cluster_qa_review","1.00","keyword_inference","0.47","onet_keyword_inference"
"occ_17_2072_00","5357","cluster_decision_support","1.00","keyword_inference","0.48","onet_keyword_inference"
"occ_17_2141_00","1411","cluster_documentation","1.00","keyword_inference","0.45","onet_keyword_inference"
"occ_17_2141_00","1412","cluster_relationship_management","1.00","keyword_inference","0.40","onet_keyword_inference"
"occ_17_2141_00","1413","cluster_analysis","1.00","keyword_inference","0.58","onet_keyword_inference"
"occ_17_2141_00","1418","cluster_client_interaction","1.00","keyword_inference","0.47","onet_keyword_inference"
"occ_17_2141_00","1419","cluster_oversight_strategy","1.00","keyword_inference","0.47","onet_keyword_inference"
"occ_17_2141_00","1420","cluster_analysis","1.00","keyword_inference","0.48","onet_keyword_inference"
"occ_17_2141_00","1421","cluster_decision_support","1.00","keyword_inference","0.48","onet_keyword_inference"
"occ_17_2141_00","1423","cluster_drafting","1.00","keyword_inference","0.55","onet_keyword_inference"
"occ_17_2141_00","1427","cluster_coordination","1.00","keyword_inference","0.56","onet_keyword_inference"
"occ_17_2141_00","1429","cluster_drafting","1.00","keyword_inference","0.57","onet_keyword_inference"
"occ_17_2141_00","1430","cluster_oversight_strategy","1.00","keyword_inference","0.45","onet_keyword_inference"
"occ_17_2141_00","1431","cluster_drafting","1.00","keyword_inference","0.55","onet_keyword_inference"
"occ_17_2141_00","19627","cluster_analysis","1.00","keyword_inference","0.48","onet_keyword_inference"
"occ_17_2141_00","19628","cluster_drafting","1.00","keyword_inference","0.45","onet_keyword_inference"
"occ_17_2141_00","19629","cluster_oversight_strategy","1.00","keyword_inference","0.45","onet_keyword_inference"
"occ_17_2141_00","19630","cluster_analysis","1.00","keyword_inference","0.46","onet_keyword_inference"
"occ_17_2141_00","19631","cluster_decision_support","1.00","keyword_inference","0.48","onet_keyword_inference"
"occ_17_2141_00","19632","cluster_analysis","1.00","keyword_inference","0.36","onet_keyword_inference"
"occ_17_2141_00","20733","cluster_execution_routine","1.00","keyword_inference","0.47","onet_keyword_inference"
"occ_17_2141_00","20734","cluster_decision_support","1.00","keyword_inference","0.48","onet_keyword_inference"
"occ_17_2141_00","20735","cluster_drafting","1.00","keyword_inference","0.55","onet_keyword_inference"
"occ_17_2141_00","20736","cluster_oversight_strategy","1.00","keyword_inference","0.45","onet_keyword_inference"
"occ_17_2141_00","20737","cluster_drafting","1.00","keyword_inference","0.67","onet_keyword_inference"
"occ_17_2141_00","20738","cluster_decision_support","1.00","keyword_inference","0.43","onet_keyword_inference"
"occ_17_2141_00","20739","cluster_analysis","1.00","keyword_inference","0.36","onet_keyword_inference"
"occ_17_2141_00","20740","cluster_analysis","1.00","keyword_inference","0.36","onet_keyword_inference"
"occ_17_2141_00","20741","cluster_client_interaction","1.00","keyword_inference","0.47","onet_keyword_inference"
"occ_17_2141_00","20742","cluster_execution_routine","1.00","keyword_inference","0.47","onet_keyword_inference"
"occ_23_1011_00","20877","cluster_drafting","1.00","keyword_inference","0.53","onet_keyword_inference"
"occ_23_1011_00","23992","cluster_relationship_management","1.00","keyword_inference","0.45","onet_keyword_inference"
"occ_23_1011_00","3773","cluster_client_interaction","1.00","keyword_inference","0.52","onet_keyword_inference"
"occ_23_1011_00","3774","cluster_analysis","1.00","keyword_inference","0.43","onet_keyword_inference"
"occ_23_1011_00","3775","cluster_analysis","1.00","keyword_inference","0.47","onet_keyword_inference"
"occ_23_1011_00","3776","cluster_documentation","1.00","keyword_inference","0.44","onet_keyword_inference"
"occ_23_1011_00","3777","cluster_drafting","1.00","keyword_inference","0.46","onet_keyword_inference"
"occ_23_1011_00","3778","cluster_client_interaction","1.00","keyword_inference","0.47","onet_keyword_inference"
"occ_23_1011_00","3779","cluster_client_interaction","1.00","keyword_inference","0.53","onet_keyword_inference"
"occ_23_1011_00","3780","cluster_analysis","1.00","keyword_inference","0.43","onet_keyword_inference"
"occ_23_1011_00","3781","cluster_documentation","1.00","keyword_inference","0.36","onet_keyword_inference"
"occ_23_1011_00","3782","cluster_client_interaction","1.00","keyword_inference","0.53","onet_keyword_inference"
"occ_23_1011_00","3783","cluster_documentation","1.00","keyword_inference","0.36","onet_keyword_inference"
"occ_23_1011_00","3785","cluster_execution_routine","1.00","keyword_inference","0.42","onet_keyword_inference"
"occ_23_1011_00","3786","cluster_relationship_management","1.00","keyword_inference","0.45","onet_keyword_inference"
"occ_23_1011_00","3787","cluster_qa_review","1.00","keyword_inference","0.45","onet_keyword_inference"
"occ_23_1011_00","3788","cluster_drafting","1.00","keyword_inference","0.46","onet_keyword_inference"
"occ_23_1011_00","3789","cluster_documentation","1.00","keyword_inference","0.36","onet_keyword_inference"
"occ_23_1011_00","3790","cluster_oversight_strategy","1.00","keyword_inference","0.45","onet_keyword_inference"
"occ_23_1011_00","3791","cluster_documentation","1.00","keyword_inference","0.36","onet_keyword_inference"
"occ_23_1011_00","3792","cluster_client_interaction","1.00","keyword_inference","0.46","onet_keyword_inference"
"occ_23_1011_00","3793","cluster_drafting","1.00","keyword_inference","0.58","onet_keyword_inference"
"occ_23_2011_00","1636","cluster_research_synthesis","1.00","keyword_inference","0.55","onet_keyword_inference"
"occ_23_2011_00","1638","cluster_qa_review","1.00","keyword_inference","0.46","onet_keyword_inference"
"occ_23_2011_00","1639","cluster_coordination","1.00","keyword_inference","0.48","onet_keyword_inference"
"occ_23_2011_00","1641","cluster_documentation","1.00","keyword_inference","0.36","onet_keyword_inference"
"occ_23_2011_00","1642","cluster_decision_support","1.00","keyword_inference","0.42","onet_keyword_inference"
"occ_23_2011_00","18491","cluster_documentation","1.00","keyword_inference","0.48","onet_keyword_inference"
"occ_23_2011_00","18492","cluster_drafting","1.00","keyword_inference","0.41","onet_keyword_inference"
"occ_23_2011_00","18493","cluster_client_interaction","1.00","keyword_inference","0.47","onet_keyword_inference"
"occ_23_2011_00","18494","cluster_oversight_strategy","1.00","keyword_inference","0.45","onet_keyword_inference"
"occ_23_2011_00","18496","cluster_qa_review","1.00","keyword_inference","0.48","onet_keyword_inference"
"occ_23_2011_00","21062","cluster_research_synthesis","1.00","keyword_inference","0.47","onet_keyword_inference"
"occ_23_2011_00","23994","cluster_documentation","1.00","keyword_inference","0.48","onet_keyword_inference"
"occ_27_1024_00","15228","cluster_drafting","1.00","keyword_inference","0.36","onet_keyword_inference"
"occ_27_1024_00","15229","cluster_research_synthesis","1.00","keyword_inference","0.48","onet_keyword_inference"
"occ_27_1024_00","23970","cluster_drafting","1.00","keyword_inference","0.42","onet_keyword_inference"
"occ_27_1024_00","23971","cluster_research_synthesis","1.00","keyword_inference","0.48","onet_keyword_inference"
"occ_27_1024_00","23972","cluster_client_interaction","1.00","keyword_inference","0.47","onet_keyword_inference"
"occ_27_1024_00","299","cluster_drafting","1.00","keyword_inference","0.54","onet_keyword_inference"
"occ_27_1024_00","300","cluster_drafting","1.00","keyword_inference","0.36","onet_keyword_inference"
"occ_27_1024_00","301","cluster_drafting","1.00","keyword_inference","0.36","onet_keyword_inference"
"occ_27_1024_00","302","cluster_drafting","1.00","keyword_inference","0.42","onet_keyword_inference"
"occ_27_1024_00","303","cluster_drafting","1.00","keyword_inference","0.36","onet_keyword_inference"
"occ_27_1024_00","304","cluster_qa_review","1.00","keyword_inference","0.48","onet_keyword_inference"
"occ_27_1024_00","305","cluster_client_interaction","1.00","keyword_inference","0.47","onet_keyword_inference"
"occ_27_1024_00","306","cluster_drafting","1.00","keyword_inference","0.47","onet_keyword_inference"
"occ_27_1024_00","307","cluster_client_interaction","1.00","keyword_inference","0.47","onet_keyword_inference"
"occ_27_1024_00","308","cluster_client_interaction","1.00","keyword_inference","0.47","onet_keyword_inference"
"occ_27_1024_00","309","cluster_client_interaction","1.00","keyword_inference","0.41","onet_keyword_inference"
"occ_27_1024_00","310","cluster_drafting","1.00","keyword_inference","0.42","onet_keyword_inference"
"occ_27_1024_00","312","cluster_client_interaction","1.00","keyword_inference","0.47","onet_keyword_inference"
"occ_27_1024_00","313","cluster_drafting","1.00","keyword_inference","0.36","onet_keyword_inference"
"occ_27_3023_00","22623","cluster_drafting","1.00","keyword_inference","0.47","onet_keyword_inference"
"occ_27_3023_00","22624","cluster_coordination","1.00","keyword_inference","0.47","onet_keyword_inference"
"occ_27_3023_00","22625","cluster_workflow_admin","1.00","keyword_inference","0.45","onet_keyword_inference"
"occ_27_3023_00","22626","cluster_analysis","1.00","keyword_inference","0.55","onet_keyword_inference"
"occ_27_3023_00","22627","cluster_drafting","1.00","keyword_inference","0.47","onet_keyword_inference"
"occ_27_3023_00","22628","cluster_research_synthesis","1.00","keyword_inference","0.48","onet_keyword_inference"
"occ_27_3023_00","22629","cluster_drafting","1.00","keyword_inference","0.36","onet_keyword_inference"
"occ_27_3023_00","22630","cluster_research_synthesis","1.00","keyword_inference","0.55","onet_keyword_inference"
"occ_27_3023_00","22631","cluster_coordination","1.00","keyword_inference","0.43","onet_keyword_inference"
"occ_27_3023_00","22632","cluster_documentation","1.00","keyword_inference","0.45","onet_keyword_inference"
"occ_27_3023_00","22633","cluster_relationship_management","1.00","keyword_inference","0.47","onet_keyword_inference"
"occ_27_3023_00","22634","cluster_documentation","1.00","keyword_inference","0.45","onet_keyword_inference"
"occ_27_3023_00","22635","cluster_drafting","1.00","keyword_inference","0.36","onet_keyword_inference"
"occ_27_3023_00","22636","cluster_qa_review","1.00","keyword_inference","0.48","onet_keyword_inference"
"occ_27_3023_00","22637","cluster_drafting","1.00","keyword_inference","0.47","onet_keyword_inference"
"occ_27_3023_00","22638","cluster_qa_review","1.00","keyword_inference","0.48","onet_keyword_inference"
"occ_27_3023_00","22639","cluster_documentation","1.00","keyword_inference","0.45","onet_keyword_inference"
"occ_27_3023_00","22640","cluster_drafting","1.00","keyword_inference","0.36","onet_keyword_inference"
"occ_27_3023_00","22641","cluster_documentation","1.00","keyword_inference","0.45","onet_keyword_inference"
"occ_27_3023_00","22642","cluster_documentation","1.00","keyword_inference","0.45","onet_keyword_inference"
"occ_27_3023_00","22643","cluster_drafting","1.00","keyword_inference","0.36","onet_keyword_inference"
"occ_27_3023_00","22644","cluster_drafting","1.00","keyword_inference","0.36","onet_keyword_inference"
"occ_27_3023_00","22645","cluster_documentation","1.00","keyword_inference","0.45","onet_keyword_inference"
"occ_27_3023_00","22646","cluster_execution_routine","1.00","keyword_inference","0.47","onet_keyword_inference"
"occ_27_3023_00","22647","cluster_drafting","1.00","keyword_inference","0.36","onet_keyword_inference"
"occ_27_3023_00","22648","cluster_analysis","1.00","keyword_inference","0.55","onet_keyword_inference"
"occ_27_3023_00","22649","cluster_coordination","1.00","keyword_inference","0.40","onet_keyword_inference"
"occ_27_3023_00","22650","cluster_drafting","1.00","keyword_inference","0.58","onet_keyword_inference"
"occ_27_3023_00","22651","cluster_documentation","1.00","keyword_inference","0.45","onet_keyword_inference"
"occ_27_3023_00","22652","cluster_qa_review","1.00","keyword_inference","0.48","onet_keyword_inference"
"occ_27_3031_00","1764","cluster_drafting","1.00","keyword_inference","0.45","onet_keyword_inference"
"occ_27_3031_00","1765","cluster_relationship_management","1.00","keyword_inference","0.48","onet_keyword_inference"
"occ_27_3031_00","1767","cluster_coordination","1.00","keyword_inference","0.48","onet_keyword_inference"
"occ_27_3031_00","1768","cluster_client_interaction","1.00","keyword_inference","0.48","onet_keyword_inference"
"occ_27_3031_00","1769","cluster_drafting","1.00","keyword_inference","0.46","onet_keyword_inference"
"occ_27_3031_00","1770","cluster_oversight_strategy","1.00","keyword_inference","0.45","onet_keyword_inference"
"occ_27_3031_00","1771","cluster_client_interaction","1.00","keyword_inference","0.36","onet_keyword_inference"
"occ_27_3031_00","1772","cluster_client_interaction","1.00","keyword_inference","0.54","onet_keyword_inference"
"occ_27_3031_00","1773","cluster_drafting","1.00","keyword_inference","0.42","onet_keyword_inference"
"occ_27_3031_00","1774","cluster_client_interaction","1.00","keyword_inference","0.48","onet_keyword_inference"
"occ_27_3031_00","1775","cluster_client_interaction","1.00","keyword_inference","0.48","onet_keyword_inference"
"occ_27_3031_00","19809","cluster_coordination","1.00","keyword_inference","0.48","onet_keyword_inference"
"occ_27_3031_00","19810","cluster_drafting","1.00","keyword_inference","0.46","onet_keyword_inference"
"occ_27_3031_00","19811","cluster_drafting","1.00","keyword_inference","0.46","onet_keyword_inference"
"occ_27_3031_00","20554","cluster_client_interaction","1.00","keyword_inference","0.48","onet_keyword_inference"
"occ_27_3031_00","20555","cluster_drafting","1.00","keyword_inference","0.46","onet_keyword_inference"
"occ_27_3031_00","20557","cluster_documentation","1.00","keyword_inference","0.45","onet_keyword_inference"
"occ_27_3031_00","23951","cluster_execution_routine","1.00","keyword_inference","0.41","onet_keyword_inference"
"occ_27_3041_00","1776","cluster_drafting","1.00","keyword_inference","0.53","onet_keyword_inference"
"occ_27_3041_00","1777","cluster_drafting","1.00","keyword_inference","0.36","onet_keyword_inference"
"occ_27_3041_00","1778","cluster_drafting","1.00","keyword_inference","0.36","onet_keyword_inference"
"occ_27_3041_00","1779","cluster_oversight_strategy","1.00","keyword_inference","0.45","onet_keyword_inference"
"occ_27_3041_00","1780","cluster_qa_review","1.00","keyword_inference","0.45","onet_keyword_inference"
"occ_27_3041_00","1781","cluster_qa_review","1.00","keyword_inference","0.48","onet_keyword_inference"
"occ_27_3041_00","1782","cluster_drafting","1.00","keyword_inference","0.47","onet_keyword_inference"
"occ_27_3041_00","1783","cluster_oversight_strategy","1.00","keyword_inference","0.47","onet_keyword_inference"
"occ_27_3041_00","1784","cluster_drafting","1.00","keyword_inference","0.47","onet_keyword_inference"
"occ_27_3041_00","1785","cluster_drafting","1.00","keyword_inference","0.47","onet_keyword_inference"
"occ_27_3041_00","1786","cluster_analysis","1.00","keyword_inference","0.45","onet_keyword_inference"
"occ_27_3041_00","1787","cluster_documentation","1.00","keyword_inference","0.45","onet_keyword_inference"
"occ_27_3041_00","1788","cluster_oversight_strategy","1.00","keyword_inference","0.55","onet_keyword_inference"
"occ_27_3041_00","1789","cluster_coordination","1.00","keyword_inference","0.47","onet_keyword_inference"
"occ_27_3041_00","1790","cluster_decision_support","1.00","keyword_inference","0.47","onet_keyword_inference"
"occ_27_3041_00","1791","cluster_analysis","1.00","keyword_inference","0.45","onet_keyword_inference"
"occ_27_3041_00","1792","cluster_drafting","1.00","keyword_inference","0.47","onet_keyword_inference"
"occ_27_3041_00","1793","cluster_oversight_strategy","1.00","keyword_inference","0.45","onet_keyword_inference"
"occ_27_3041_00","1794","cluster_drafting","1.00","keyword_inference","0.36","onet_keyword_inference"
"occ_27_3041_00","1795","cluster_drafting","1.00","keyword_inference","0.36","onet_keyword_inference"
"occ_27_3041_00","21000","cluster_drafting","1.00","keyword_inference","0.47","onet_keyword_inference"
"occ_27_3042_00","20243","cluster_documentation","1.00","keyword_inference","0.48","onet_keyword_inference"
"occ_27_3042_00","3966","cluster_workflow_admin","1.00","keyword_inference","0.45","onet_keyword_inference"
"occ_27_3042_00","3967","cluster_documentation","1.00","keyword_inference","0.56","onet_keyword_inference"
"occ_27_3042_00","3968","cluster_drafting","1.00","keyword_inference","0.53","onet_keyword_inference"
"occ_27_3042_00","3969","cluster_client_interaction","1.00","keyword_inference","0.53","onet_keyword_inference"
"occ_27_3042_00","3970","cluster_qa_review","1.00","keyword_inference","0.48","onet_keyword_inference"
"occ_27_3042_00","3971","cluster_drafting","1.00","keyword_inference","0.36","onet_keyword_inference"
"occ_27_3042_00","3972","cluster_drafting","1.00","keyword_inference","0.36","onet_keyword_inference"
"occ_27_3042_00","3973","cluster_drafting","1.00","keyword_inference","0.36","onet_keyword_inference"
"occ_27_3042_00","3974","cluster_drafting","1.00","keyword_inference","0.47","onet_keyword_inference"
"occ_27_3042_00","3975","cluster_drafting","1.00","keyword_inference","0.36","onet_keyword_inference"
"occ_27_3042_00","3976","cluster_drafting","1.00","keyword_inference","0.36","onet_keyword_inference"
"occ_27_3042_00","3977","cluster_drafting","1.00","keyword_inference","0.47","onet_keyword_inference"
"occ_27_3042_00","3978","cluster_qa_review","1.00","keyword_inference","0.48","onet_keyword_inference"
"occ_27_3042_00","3979","cluster_drafting","1.00","keyword_inference","0.36","onet_keyword_inference"
"occ_27_3043_00","22653","cluster_client_interaction","1.00","keyword_inference","0.47","onet_keyword_inference"
"occ_27_3043_00","22654","cluster_client_interaction","1.00","keyword_inference","0.53","onet_keyword_inference"
"occ_27_3043_00","22655","cluster_drafting","1.00","keyword_inference","0.36","onet_keyword_inference"
"occ_27_3043_00","22656","cluster_client_interaction","1.00","keyword_inference","0.53","onet_keyword_inference"
"occ_27_3043_00","22657","cluster_drafting","1.00","keyword_inference","0.47","onet_keyword_inference"
"occ_27_3043_00","22658","cluster_research_synthesis","1.00","keyword_inference","0.48","onet_keyword_inference"
"occ_27_3043_00","22659","cluster_drafting","1.00","keyword_inference","0.47","onet_keyword_inference"
"occ_27_3043_00","22660","cluster_qa_review","1.00","keyword_inference","0.48","onet_keyword_inference"
"occ_27_3043_00","22661","cluster_drafting","1.00","keyword_inference","0.47","onet_keyword_inference"
"occ_27_3043_00","22662","cluster_research_synthesis","1.00","keyword_inference","0.48","onet_keyword_inference"
"occ_27_3043_00","22663","cluster_client_interaction","1.00","keyword_inference","0.41","onet_keyword_inference"
"occ_27_3043_00","22664","cluster_drafting","1.00","keyword_inference","0.47","onet_keyword_inference"
"occ_27_3043_00","22665","cluster_drafting","1.00","keyword_inference","0.36","onet_keyword_inference"
"occ_27_3043_00","22666","cluster_coordination","1.00","keyword_inference","0.43","onet_keyword_inference"
"occ_27_3043_00","22667","cluster_drafting","1.00","keyword_inference","0.42","onet_keyword_inference"
"occ_27_3043_00","22668","cluster_client_interaction","1.00","keyword_inference","0.47","onet_keyword_inference"
"occ_27_3043_00","22669","cluster_drafting","1.00","keyword_inference","0.47","onet_keyword_inference"
"occ_27_3043_00","22670","cluster_drafting","1.00","keyword_inference","0.47","onet_keyword_inference"
"occ_27_3043_00","22671","cluster_drafting","1.00","keyword_inference","0.47","onet_keyword_inference"
"occ_27_3043_00","22672","cluster_client_interaction","1.00","keyword_inference","0.47","onet_keyword_inference"
"occ_41_3011_00","4579","cluster_client_interaction","1.00","keyword_inference","0.54","onet_keyword_inference"
"occ_41_3011_00","4580","cluster_client_interaction","1.00","keyword_inference","0.48","onet_keyword_inference"
"occ_41_3011_00","4581","cluster_drafting","1.00","keyword_inference","0.46","onet_keyword_inference"
"occ_41_3011_00","4582","cluster_execution_routine","1.00","keyword_inference","0.47","onet_keyword_inference"
"occ_41_3011_00","4583","cluster_client_interaction","1.00","keyword_inference","0.48","onet_keyword_inference"
"occ_41_3011_00","4584","cluster_research_synthesis","1.00","keyword_inference","0.43","onet_keyword_inference"
"occ_41_3011_00","4585","cluster_client_interaction","1.00","keyword_inference","0.48","onet_keyword_inference"
"occ_41_3011_00","4586","cluster_client_interaction","1.00","keyword_inference","0.48","onet_keyword_inference"
"occ_41_3011_00","4587","cluster_decision_support","1.00","keyword_inference","0.47","onet_keyword_inference"
"occ_41_3011_00","4588","cluster_client_interaction","1.00","keyword_inference","0.48","onet_keyword_inference"
"occ_41_3011_00","4589","cluster_client_interaction","1.00","keyword_inference","0.54","onet_keyword_inference"
"occ_41_3011_00","4590","cluster_client_interaction","1.00","keyword_inference","0.54","onet_keyword_inference"
"occ_41_3011_00","4591","cluster_drafting","1.00","keyword_inference","0.46","onet_keyword_inference"
"occ_41_3011_00","4592","cluster_decision_support","1.00","keyword_inference","0.41","onet_keyword_inference"
"occ_41_3011_00","4593","cluster_relationship_management","1.00","keyword_inference","0.36","onet_keyword_inference"
"occ_41_3011_00","4594","cluster_drafting","1.00","keyword_inference","0.46","onet_keyword_inference"
"occ_41_3011_00","4595","cluster_research_synthesis","1.00","keyword_inference","0.43","onet_keyword_inference"
"occ_41_3011_00","4596","cluster_coordination","1.00","keyword_inference","0.48","onet_keyword_inference"
"occ_41_3011_00","4597","cluster_client_interaction","1.00","keyword_inference","0.48","onet_keyword_inference"
"occ_41_3011_00","4598","cluster_drafting","1.00","keyword_inference","0.46","onet_keyword_inference"
"occ_41_3091_00","23222","cluster_client_interaction","1.00","keyword_inference","0.48","onet_keyword_inference"
"occ_41_3091_00","23223","cluster_drafting","1.00","keyword_inference","0.46","onet_keyword_inference"
"occ_41_3091_00","23224","cluster_relationship_management","1.00","keyword_inference","0.36","onet_keyword_inference"
"occ_41_3091_00","23225","cluster_client_interaction","1.00","keyword_inference","0.48","onet_keyword_inference"
"occ_41_3091_00","23226","cluster_client_interaction","1.00","keyword_inference","0.48","onet_keyword_inference"
"occ_41_3091_00","23227","cluster_drafting","1.00","keyword_inference","0.43","onet_keyword_inference"
"occ_41_3091_00","23228","cluster_drafting","1.00","keyword_inference","0.46","onet_keyword_inference"
"occ_41_3091_00","23229","cluster_relationship_management","1.00","keyword_inference","0.36","onet_keyword_inference"
"occ_41_3091_00","23230","cluster_client_interaction","1.00","keyword_inference","0.48","onet_keyword_inference"
"occ_41_3091_00","23231","cluster_client_interaction","1.00","keyword_inference","0.60","onet_keyword_inference"
"occ_41_3091_00","23232","cluster_client_interaction","1.00","keyword_inference","0.48","onet_keyword_inference"
"occ_41_3091_00","23233","cluster_client_interaction","1.00","keyword_inference","0.48","onet_keyword_inference"
"occ_41_3091_00","23234","cluster_relationship_management","1.00","keyword_inference","0.36","onet_keyword_inference"
"occ_41_3091_00","23235","cluster_relationship_management","1.00","keyword_inference","0.46","onet_keyword_inference"
"occ_41_3091_00","23236","cluster_relationship_management","1.00","keyword_inference","0.36","onet_keyword_inference"
"occ_43_3031_00","18561","cluster_execution_routine","1.00","keyword_inference","0.48","onet_keyword_inference"
"occ_43_3031_00","2486","cluster_documentation","1.00","keyword_inference","0.48","onet_keyword_inference"
"occ_43_3031_00","2487","cluster_analysis","1.00","keyword_inference","0.48","onet_keyword_inference"
"occ_43_3031_00","2488","cluster_analysis","1.00","keyword_inference","0.36","onet_keyword_inference"
"occ_43_3031_00","2489","cluster_analysis","1.00","keyword_inference","0.36","onet_keyword_inference"
"occ_43_3031_00","2490","cluster_documentation","1.00","keyword_inference","0.54","onet_keyword_inference"
"occ_43_3031_00","2491","cluster_execution_routine","1.00","keyword_inference","0.42","onet_keyword_inference"
"occ_43_3031_00","2492","cluster_qa_review","1.00","keyword_inference","0.48","onet_keyword_inference"
"occ_43_3031_00","2493","cluster_documentation","1.00","keyword_inference","0.48","onet_keyword_inference"
"occ_43_3031_00","2494","cluster_analysis","1.00","keyword_inference","0.36","onet_keyword_inference"
"occ_43_3031_00","2495","cluster_documentation","1.00","keyword_inference","0.48","onet_keyword_inference"
"occ_43_3031_00","2496","cluster_documentation","1.00","keyword_inference","0.55","onet_keyword_inference"
"occ_43_3031_00","2497","cluster_analysis","1.00","keyword_inference","0.36","onet_keyword_inference"
"occ_43_3031_00","2498","cluster_analysis","1.00","keyword_inference","0.36","onet_keyword_inference"
"occ_43_3031_00","2499","cluster_qa_review","1.00","keyword_inference","0.45","onet_keyword_inference"
"occ_43_3031_00","2500","cluster_documentation","1.00","keyword_inference","0.45","onet_keyword_inference"
"occ_43_3031_00","2501","cluster_execution_routine","1.00","keyword_inference","0.42","onet_keyword_inference"
"occ_43_3031_00","2502","cluster_analysis","1.00","keyword_inference","0.36","onet_keyword_inference"
"occ_43_3031_00","2503","cluster_execution_routine","1.00","keyword_inference","0.45","onet_keyword_inference"
"occ_43_3031_00","2504","cluster_drafting","1.00","keyword_inference","0.41","onet_keyword_inference"
"occ_43_3031_00","2505","cluster_analysis","1.00","keyword_inference","0.36","onet_keyword_inference"
"occ_43_3031_00","2506","cluster_execution_routine","1.00","keyword_inference","0.48","onet_keyword_inference"
"occ_43_3031_00","2507","cluster_documentation","1.00","keyword_inference","0.48","onet_keyword_inference"
"occ_43_3031_00","2508","cluster_decision_support","1.00","keyword_inference","0.43","onet_keyword_inference"
"occ_43_3031_00","2509","cluster_documentation","1.00","keyword_inference","0.45","onet_keyword_inference"
"occ_43_3031_00","2510","cluster_documentation","1.00","keyword_inference","0.48","onet_keyword_inference"
"occ_43_3031_00","2511","cluster_documentation","1.00","keyword_inference","0.45","onet_keyword_inference"
"occ_43_3031_00","2514","cluster_documentation","1.00","keyword_inference","0.45","onet_keyword_inference"
"occ_43_4051_00","18565","cluster_client_interaction","1.00","keyword_inference","0.47","onet_keyword_inference"
"occ_43_4051_00","2578","cluster_client_interaction","1.00","keyword_inference","0.47","onet_keyword_inference"
"occ_43_4051_00","2579","cluster_client_interaction","1.00","keyword_inference","0.47","onet_keyword_inference"
"occ_43_4051_00","2580","cluster_client_interaction","1.00","keyword_inference","0.47","onet_keyword_inference"
"occ_43_4051_00","2581","cluster_client_interaction","1.00","keyword_inference","0.47","onet_keyword_inference"
"occ_43_4051_00","2582","cluster_client_interaction","1.00","keyword_inference","0.47","onet_keyword_inference"
"occ_43_4051_00","2583","cluster_research_synthesis","1.00","keyword_inference","0.42","onet_keyword_inference"
"occ_43_4051_00","2584","cluster_documentation","1.00","keyword_inference","0.45","onet_keyword_inference"
"occ_43_4051_00","2585","cluster_analysis","1.00","keyword_inference","0.53","onet_keyword_inference"
"occ_43_4051_00","2586","cluster_coordination","1.00","keyword_inference","0.36","onet_keyword_inference"
"occ_43_4051_00","2587","cluster_qa_review","1.00","keyword_inference","0.47","onet_keyword_inference"
"occ_43_4051_00","2589","cluster_drafting","1.00","keyword_inference","0.41","onet_keyword_inference"
"occ_43_4051_00","2591","cluster_decision_support","1.00","keyword_inference","0.47","onet_keyword_inference"
"occ_43_6011_00","18573","cluster_oversight_strategy","1.00","keyword_inference","0.45","onet_keyword_inference"
"occ_43_6011_00","18574","cluster_documentation","1.00","keyword_inference","0.45","onet_keyword_inference"
"occ_43_6011_00","18575","cluster_coordination","1.00","keyword_inference","0.48","onet_keyword_inference"
"occ_43_6011_00","18576","cluster_coordination","1.00","keyword_inference","0.48","onet_keyword_inference"
"occ_43_6011_00","18577","cluster_workflow_admin","1.00","keyword_inference","0.36","onet_keyword_inference"
"occ_43_6011_00","18578","cluster_execution_routine","1.00","keyword_inference","0.48","onet_keyword_inference"
"occ_43_6011_00","18579","cluster_coordination","1.00","keyword_inference","0.44","onet_keyword_inference"
"occ_43_6011_00","2770","cluster_oversight_strategy","1.00","keyword_inference","0.45","onet_keyword_inference"
"occ_43_6011_00","2771","cluster_documentation","1.00","keyword_inference","0.57","onet_keyword_inference"
"occ_43_6011_00","2772","cluster_analysis","1.00","keyword_inference","0.47","onet_keyword_inference"
"occ_43_6011_00","2773","cluster_workflow_admin","1.00","keyword_inference","0.36","onet_keyword_inference"
"occ_43_6011_00","2774","cluster_documentation","1.00","keyword_inference","0.67","onet_keyword_inference"
"occ_43_6011_00","2775","cluster_workflow_admin","1.00","keyword_inference","0.36","onet_keyword_inference"
"occ_43_6011_00","2776","cluster_drafting","1.00","keyword_inference","0.41","onet_keyword_inference"
"occ_43_6011_00","2779","cluster_workflow_admin","1.00","keyword_inference","0.36","onet_keyword_inference"
"occ_43_6011_00","2780","cluster_research_synthesis","1.00","keyword_inference","0.54","onet_keyword_inference"
"occ_43_6011_00","2781","cluster_research_synthesis","1.00","keyword_inference","0.42","onet_keyword_inference"
"occ_43_6011_00","2782","cluster_documentation","1.00","keyword_inference","0.45","onet_keyword_inference"
"occ_43_6011_00","2784","cluster_oversight_strategy","1.00","keyword_inference","0.45","onet_keyword_inference"
"occ_43_6011_00","2785","cluster_oversight_strategy","1.00","keyword_inference","0.47","onet_keyword_inference"
"occ_43_6011_00","2787","cluster_qa_review","1.00","keyword_inference","0.47","onet_keyword_inference"
"occ_43_6011_00","2788","cluster_analysis","1.00","keyword_inference","0.43","onet_keyword_inference"
"occ_43_6014_00","20280","cluster_execution_routine","1.00","keyword_inference","0.48","onet_keyword_inference"
"occ_43_6014_00","20281","cluster_execution_routine","1.00","keyword_inference","0.45","onet_keyword_inference"
"occ_43_6014_00","20282","cluster_documentation","1.00","keyword_inference","0.57","onet_keyword_inference"
"occ_43_6014_00","20283","cluster_workflow_admin","1.00","keyword_inference","0.36","onet_keyword_inference"
"occ_43_6014_00","20284","cluster_documentation","1.00","keyword_inference","0.45","onet_keyword_inference"
"occ_43_6014_00","20285","cluster_execution_routine","1.00","keyword_inference","0.48","onet_keyword_inference"
"occ_43_6014_00","20286","cluster_documentation","1.00","keyword_inference","0.45","onet_keyword_inference"
"occ_43_6014_00","20287","cluster_coordination","1.00","keyword_inference","0.48","onet_keyword_inference"
"occ_43_6014_00","20288","cluster_drafting","1.00","keyword_inference","0.46","onet_keyword_inference"
"occ_43_6014_00","20289","cluster_workflow_admin","1.00","keyword_inference","0.36","onet_keyword_inference"
"occ_43_6014_00","20290","cluster_drafting","1.00","keyword_inference","0.41","onet_keyword_inference"
"occ_43_6014_00","2790","cluster_workflow_admin","1.00","keyword_inference","0.36","onet_keyword_inference"
"occ_43_6014_00","2791","cluster_oversight_strategy","1.00","keyword_inference","0.45","onet_keyword_inference"
"occ_43_6014_00","2793","cluster_execution_routine","1.00","keyword_inference","0.43","onet_keyword_inference"
"occ_43_6014_00","2794","cluster_workflow_admin","1.00","keyword_inference","0.45","onet_keyword_inference"
"occ_43_6014_00","2795","cluster_workflow_admin","1.00","keyword_inference","0.36","onet_keyword_inference"
"occ_43_6014_00","2796","cluster_workflow_admin","1.00","keyword_inference","0.36","onet_keyword_inference"
"occ_43_6014_00","2797","cluster_qa_review","1.00","keyword_inference","0.47","onet_keyword_inference"
"occ_43_6014_00","2799","cluster_drafting","1.00","keyword_inference","0.46","onet_keyword_inference"
"occ_43_6014_00","2800","cluster_workflow_admin","1.00","keyword_inference","0.47","onet_keyword_inference"
"occ_43_6014_00","2801","cluster_client_interaction","1.00","keyword_inference","0.59","onet_keyword_inference"
"occ_43_6014_00","2802","cluster_oversight_strategy","1.00","keyword_inference","0.45","onet_keyword_inference"
"occ_43_6014_00","2803","cluster_workflow_admin","1.00","keyword_inference","0.36","onet_keyword_inference"
"occ_43_6014_00","2804","cluster_workflow_admin","1.00","keyword_inference","0.36","onet_keyword_inference"
"occ_43_6014_00","2805","cluster_workflow_admin","1.00","keyword_inference","0.36","onet_keyword_inference"
"occ_43_6014_00","2806","cluster_client_interaction","1.00","keyword_inference","0.47","onet_keyword_inference"
"occ_43_6014_00","2808","cluster_drafting","1.00","keyword_inference","0.41","onet_keyword_inference"
"occ_43_6014_00","2809","cluster_workflow_admin","1.00","keyword_inference","0.46","onet_keyword_inference"
"occ_43_6014_00","2812","cluster_workflow_admin","1.00","keyword_inference","0.36","onet_keyword_inference"
"occ_43_6014_00","2813","cluster_coordination","1.00","keyword_inference","0.48","onet_keyword_inference"
"occ_43_6014_00","2814","cluster_workflow_admin","1.00","keyword_inference","0.36","onet_keyword_inference"
"occ_43_9061_00","825","cluster_research_synthesis","1.00","keyword_inference","0.42","onet_keyword_inference"
"occ_43_9061_00","826","cluster_client_interaction","1.00","keyword_inference","0.47","onet_keyword_inference"
"occ_43_9061_00","827","cluster_oversight_strategy","1.00","keyword_inference","0.45","onet_keyword_inference"
"occ_43_9061_00","828","cluster_documentation","1.00","keyword_inference","0.45","onet_keyword_inference"
"occ_43_9061_00","829","cluster_workflow_admin","1.00","keyword_inference","0.36","onet_keyword_inference"
"occ_43_9061_00","830","cluster_workflow_admin","1.00","keyword_inference","0.36","onet_keyword_inference"
"occ_43_9061_00","831","cluster_documentation","1.00","keyword_inference","0.55","onet_keyword_inference"
"occ_43_9061_00","832","cluster_execution_routine","1.00","keyword_inference","0.42","onet_keyword_inference"
"occ_43_9061_00","833","cluster_workflow_admin","1.00","keyword_inference","0.45","onet_keyword_inference"
"occ_43_9061_00","834","cluster_documentation","1.00","keyword_inference","0.57","onet_keyword_inference"
"occ_43_9061_00","835","cluster_workflow_admin","1.00","keyword_inference","0.36","onet_keyword_inference"
"occ_43_9061_00","836","cluster_workflow_admin","1.00","keyword_inference","0.36","onet_keyword_inference"
"occ_43_9061_00","837","cluster_workflow_admin","1.00","keyword_inference","0.47","onet_keyword_inference"
"occ_43_9061_00","838","cluster_documentation","1.00","keyword_inference","0.57","onet_keyword_inference"
"occ_43_9061_00","839","cluster_oversight_strategy","1.00","keyword_inference","0.45","onet_keyword_inference"
"occ_43_9061_00","840","cluster_documentation","1.00","keyword_inference","0.48","onet_keyword_inference"
"occ_43_9061_00","841","cluster_coordination","1.00","keyword_inference","0.43","onet_keyword_inference"
"occ_43_9061_00","842","cluster_workflow_admin","1.00","keyword_inference","0.36","onet_keyword_inference"
"occ_43_9061_00","843","cluster_documentation","1.00","keyword_inference","0.45","onet_keyword_inference"
"occ_43_9061_00","844","cluster_workflow_admin","1.00","keyword_inference","0.36","onet_keyword_inference"
"occ_43_9111_00","9788","cluster_analysis","1.00","keyword_inference","0.48","onet_keyword_inference"
"occ_43_9111_00","9789","cluster_analysis","1.00","keyword_inference","0.48","onet_keyword_inference"
"occ_43_9111_00","9790","cluster_qa_review","1.00","keyword_inference","0.46","onet_keyword_inference"
"occ_43_9111_00","9791","cluster_analysis","1.00","keyword_inference","0.57","onet_keyword_inference"
"occ_43_9111_00","9792","cluster_qa_review","1.00","keyword_inference","0.45","onet_keyword_inference"
"occ_43_9111_00","9793","cluster_analysis","1.00","keyword_inference","0.36","onet_keyword_inference"
"occ_43_9111_00","9794","cluster_client_interaction","1.00","keyword_inference","0.53","onet_keyword_inference"
"occ_43_9111_00","9795","cluster_execution_routine","1.00","keyword_inference","0.48","onet_keyword_inference"
"occ_43_9111_00","9796","cluster_analysis","1.00","keyword_inference","0.48","onet_keyword_inference"
"occ_43_9111_00","9797","cluster_analysis","1.00","keyword_inference","0.48","onet_keyword_inference"
"occ_43_9111_00","9798","cluster_analysis","1.00","keyword_inference","0.36","onet_keyword_inference"
"occ_43_9111_00","9799","cluster_analysis","1.00","keyword_inference","0.36","onet_keyword_inference"
"occ_43_9111_00","9800","cluster_workflow_admin","1.00","keyword_inference","0.45","onet_keyword_inference"
"occ_43_9111_00","9801","cluster_analysis","1.00","keyword_inference","0.36","onet_keyword_inference"
