"occupation_id","onet_task_id","gpt4_automation_label","gpt4_automation_score","human_automation_label","human_automation_score","source_id","notes"
"occ_11_1021_00","19501","T2","2","","","src_openai_gpts_are_gpts_2023","benchmark_only|matched_via_onet_soc_and_task_id"
"occ_11_1021_00","20699","T2","2","","","src_openai_gpts_are_gpts_2023","benchmark_only|matched_via_onet_soc_and_task_id"
"occ_11_1021_00","20700","T2","2","","","src_openai_gpts_are_gpts_2023","benchmark_only|matched_via_onet_soc_and_task_id"
"occ_11_1021_00","20701","T2","2","","","src_openai_gpts_are_gpts_2023","benchmark_only|matched_via_onet_soc_and_task_id"
"occ_11_1021_00","20702","T2","2","","","src_openai_gpts_are_gpts_2023","benchmark_only|matched_via_onet_soc_and_task_id"
"occ_11_1021_00","20703","T2","2","","","src_openai_gpts_are_gpts_2023","benchmark_only|matched_via_onet_soc_and_task_id"
"occ_11_1021_00","20704","T2","2","","","src_openai_gpts_are_gpts_2023","benchmark_only|matched_via_onet_soc_and_task_id"
"occ_11_1021_00","20705","T2","2","","","src_openai_gpts_are_gpts_2023","benchmark_only|matched_via_onet_soc_and_task_id"
"occ_11_1021_00","20706","T2","2","","","src_openai_gpts_are_gpts_2023","benchmark_only|matched_via_onet_soc_and_task_id"
"occ_11_1021_00","20707","T2","2","","","src_openai_gpts_are_gpts_2023","benchmark_only|matched_via_onet_soc_and_task_id"
"occ_11_1021_00","20708","T2","2","","","src_openai_gpts_are_gpts_2023","benchmark_only|matched_via_onet_soc_and_task_id"
"occ_11_1021_00","933","T2","2","","","src_openai_gpts_are_gpts_2023","benchmark_only|matched_via_onet_soc_and_task_id"
"occ_11_1021_00","944","T1","1","","","src_openai_gpts_are_gpts_2023","benchmark_only|matched_via_onet_soc_and_task_id"
"occ_11_1021_00","945","T2","2","","","src_openai_gpts_are_gpts_2023","benchmark_only|matched_via_onet_soc_and_task_id"
"occ_11_1021_00","947","T2","2","","","src_openai_gpts_are_gpts_2023","benchmark_only|matched_via_onet_soc_and_task_id"
"occ_11_1021_00","948","T2","2","","","src_openai_gpts_are_gpts_2023","benchmark_only|matched_via_onet_soc_and_task_id"
"occ_11_1021_00","949","T2","2","","","src_openai_gpts_are_gpts_2023","benchmark_only|matched_via_onet_soc_and_task_id"
"occ_13_1041_00","21446","T2","2","","","src_openai_gpts_are_gpts_2023","benchmark_only|matched_via_onet_soc_and_task_id"
"occ_13_1041_00","21447","T3","3","","","src_openai_gpts_are_gpts_2023","benchmark_only|matched_via_onet_soc_and_task_id"
"occ_13_1041_00","21448","T3","3","","","src_openai_gpts_are_gpts_2023","benchmark_only|matched_via_onet_soc_and_task_id"
"occ_13_1041_00","21449","T2","2","","","src_openai_gpts_are_gpts_2023","benchmark_only|matched_via_onet_soc_and_task_id"
"occ_13_1041_00","21450","T3","3","","","src_openai_gpts_are_gpts_2023","benchmark_only|matched_via_onet_soc_and_task_id"
"occ_13_1041_00","21451","T1","1","","","src_openai_gpts_are_gpts_2023","benchmark_only|matched_via_onet_soc_and_task_id"
"occ_13_1041_00","21452","T3","3","","","src_openai_gpts_are_gpts_2023","benchmark_only|matched_via_onet_soc_and_task_id"
"occ_13_1041_00","21453","T4","4","","","src_openai_gpts_are_gpts_2023","benchmark_only|matched_via_onet_soc_and_task_id"
"occ_13_1041_00","21454","T2","2","","","src_openai_gpts_are_gpts_2023","benchmark_only|matched_via_onet_soc_and_task_id"
"occ_13_1041_00","21455","T1","1","","","src_openai_gpts_are_gpts_2023","benchmark_only|matched_via_onet_soc_and_task_id"
"occ_13_1041_00","21456","T2","2","","","src_openai_gpts_are_gpts_2023","benchmark_only|matched_via_onet_soc_and_task_id"
"occ_13_1041_00","21457","T3","3","","","src_openai_gpts_are_gpts_2023","benchmark_only|matched_via_onet_soc_and_task_id"
"occ_13_1041_00","21458","T2","2","","","src_openai_gpts_are_gpts_2023","benchmark_only|matched_via_onet_soc_and_task_id"
"occ_13_1041_00","21459","T2","2","","","src_openai_gpts_are_gpts_2023","benchmark_only|matched_via_onet_soc_and_task_id"
"occ_13_1041_00","21460","T2","2","","","src_openai_gpts_are_gpts_2023","benchmark_only|matched_via_onet_soc_and_task_id"
"occ_13_1041_00","21461","T2","2","","","src_openai_gpts_are_gpts_2023","benchmark_only|matched_via_onet_soc_and_task_id"
"occ_13_1071_00","18852","T1","1","","","src_openai_gpts_are_gpts_2023","benchmark_only|matched_via_onet_soc_and_task_id"
"occ_13_1071_00","18853","T3","3","","","src_openai_gpts_are_gpts_2023","benchmark_only|matched_via_onet_soc_and_task_id"
"occ_13_1071_00","18854","T2","2","","","src_openai_gpts_are_gpts_2023","benchmark_only|matched_via_onet_soc_and_task_id"
"occ_13_1071_00","18855","T3","3","","","src_openai_gpts_are_gpts_2023","benchmark_only|matched_via_onet_soc_and_task_id"
"occ_13_1071_00","18856","T2","2","","","src_openai_gpts_are_gpts_2023","benchmark_only|matched_via_onet_soc_and_task_id"
"occ_13_1071_00","18857","T3","3","","","src_openai_gpts_are_gpts_2023","benchmark_only|matched_via_onet_soc_and_task_id"
"occ_13_1071_00","18858","T2","2","","","src_openai_gpts_are_gpts_2023","benchmark_only|matched_via_onet_soc_and_task_id"
"occ_13_1071_00","18859","T2","2","","","src_openai_gpts_are_gpts_2023","benchmark_only|matched_via_onet_soc_and_task_id"
"occ_13_1071_00","18860","T3","3","","","src_openai_gpts_are_gpts_2023","benchmark_only|matched_via_onet_soc_and_task_id"
"occ_13_1071_00","18861","T2","2","","","src_openai_gpts_are_gpts_2023","benchmark_only|matched_via_onet_soc_and_task_id"
"occ_13_1071_00","18862","T2","2","","","src_openai_gpts_are_gpts_2023","benchmark_only|matched_via_onet_soc_and_task_id"
"occ_13_1071_00","18863","T2","2","","","src_openai_gpts_are_gpts_2023","benchmark_only|matched_via_onet_soc_and_task_id"
"occ_13_1071_00","18864","T2","2","","","src_openai_gpts_are_gpts_2023","benchmark_only|matched_via_onet_soc_and_task_id"
"occ_13_1071_00","18865","T2","2","","","src_openai_gpts_are_gpts_2023","benchmark_only|matched_via_onet_soc_and_task_id"
"occ_13_1071_00","18866","T3","3","","","src_openai_gpts_are_gpts_2023","benchmark_only|matched_via_onet_soc_and_task_id"
"occ_13_1071_00","18867","T2","2","","","src_openai_gpts_are_gpts_2023","benchmark_only|matched_via_onet_soc_and_task_id"
"occ_13_1071_00","18868","T3","3","","","src_openai_gpts_are_gpts_2023","benchmark_only|matched_via_onet_soc_and_task_id"
"occ_13_1071_00","18869","T2","2","","","src_openai_gpts_are_gpts_2023","benchmark_only|matched_via_onet_soc_and_task_id"
"occ_13_1071_00","18870","T2","2","","","src_openai_gpts_are_gpts_2023","benchmark_only|matched_via_onet_soc_and_task_id"
"occ_13_1071_00","18871","T2","2","","","src_openai_gpts_are_gpts_2023","benchmark_only|matched_via_onet_soc_and_task_id"
"occ_13_1071_00","18872","T2","2","","","src_openai_gpts_are_gpts_2023","benchmark_only|matched_via_onet_soc_and_task_id"
"occ_13_1071_00","18873","T2","2","","","src_openai_gpts_are_gpts_2023","benchmark_only|matched_via_onet_soc_and_task_id"
"occ_13_1071_00","18874","T2","2","","","src_openai_gpts_are_gpts_2023","benchmark_only|matched_via_onet_soc_and_task_id"
"occ_13_1071_00","18875","T2","2","","","src_openai_gpts_are_gpts_2023","benchmark_only|matched_via_onet_soc_and_task_id"
"occ_13_1071_00","18876","T3","3","","","src_openai_gpts_are_gpts_2023","benchmark_only|matched_via_onet_soc_and_task_id"
"occ_13_1071_00","21097","T2","2","","","src_openai_gpts_are_gpts_2023","benchmark_only|matched_via_onet_soc_and_task_id"
"occ_13_1081_00","20847","T1","1","","","src_openai_gpts_are_gpts_2023","benchmark_only|matched_via_onet_soc_and_task_id"
"occ_13_1081_00","8932","T1","1","","","src_openai_gpts_are_gpts_2023","benchmark_only|matched_via_onet_soc_and_task_id"
"occ_13_1081_00","8933","T2","2","","","src_openai_gpts_are_gpts_2023","benchmark_only|matched_via_onet_soc_and_task_id"
"occ_13_1081_00","8934","T2","2","","","src_openai_gpts_are_gpts_2023","benchmark_only|matched_via_onet_soc_and_task_id"
"occ_13_1081_00","8935","T2","2","","","src_openai_gpts_are_gpts_2023","benchmark_only|matched_via_onet_soc_and_task_id"
"occ_13_1081_00","8936","T0","0","","","src_openai_gpts_are_gpts_2023","benchmark_only|matched_via_onet_soc_and_task_id"
"occ_13_1081_00","8937","T2","2","","","src_openai_gpts_are_gpts_2023","benchmark_only|matched_via_onet_soc_and_task_id"
"occ_13_1081_00","8938","T2","2","","","src_openai_gpts_are_gpts_2023","benchmark_only|matched_via_onet_soc_and_task_id"
"occ_13_1081_00","8939","T2","2","","","src_openai_gpts_are_gpts_2023","benchmark_only|matched_via_onet_soc_and_task_id"
"occ_13_1081_00","8940","T2","2","","","src_openai_gpts_are_gpts_2023","benchmark_only|matched_via_onet_soc_and_task_id"
"occ_13_1081_00","8941","T2","2","","","src_openai_gpts_are_gpts_2023","benchmark_only|matched_via_onet_soc_and_task_id"
"occ_13_1081_00","8942","T2","2","","","src_openai_gpts_are_gpts_2023","benchmark_only|matched_via_onet_soc_and_task_id"
"occ_13_1081_00","8943","T2","2","","","src_openai_gpts_are_gpts_2023","benchmark_only|matched_via_onet_soc_and_task_id"
"occ_13_1081_00","8944","T2","2","","","src_openai_gpts_are_gpts_2023","benchmark_only|matched_via_onet_soc_and_task_id"
"occ_13_1081_00","8945","T2","2","","","src_openai_gpts_are_gpts_2023","benchmark_only|matched_via_onet_soc_and_task_id"
"occ_13_1081_00","8946","T2","2","","","src_openai_gpts_are_gpts_2023","benchmark_only|matched_via_onet_soc_and_task_id"
"occ_13_1081_00","8947","T2","2","","","src_openai_gpts_are_gpts_2023","benchmark_only|matched_via_onet_soc_and_task_id"
"occ_13_1081_00","8948","T2","2","","","src_openai_gpts_are_gpts_2023","benchmark_only|matched_via_onet_soc_and_task_id"
"occ_13_1081_00","8949","T2","2","","","src_openai_gpts_are_gpts_2023","benchmark_only|matched_via_onet_soc_and_task_id"
"occ_13_1081_00","8950","T2","2","","","src_openai_gpts_are_gpts_2023","benchmark_only|matched_via_onet_soc_and_task_id"
"occ_13_1081_00","8951","T2","2","","","src_openai_gpts_are_gpts_2023","benchmark_only|matched_via_onet_soc_and_task_id"
"occ_13_1081_00","8952","T2","2","","","src_openai_gpts_are_gpts_2023","benchmark_only|matched_via_onet_soc_and_task_id"
"occ_13_1082_00","21462","T2","2","","","src_openai_gpts_are_gpts_2023","benchmark_only|matched_via_onet_soc_and_task_id"
"occ_13_1082_00","21463","T1","1","","","src_openai_gpts_are_gpts_2023","benchmark_only|matched_via_onet_soc_and_task_id"
"occ_13_1082_00","21464","T1","1","","","src_openai_gpts_are_gpts_2023","benchmark_only|matched_via_onet_soc_and_task_id"
"occ_13_1082_00","21465","T2","2","","","src_openai_gpts_are_gpts_2023","benchmark_only|matched_via_onet_soc_and_task_id"
"occ_13_1082_00","21466","T2","2","","","src_openai_gpts_are_gpts_2023","benchmark_only|matched_via_onet_soc_and_task_id"
"occ_13_1082_00","21467","T2","2","","","src_openai_gpts_are_gpts_2023","benchmark_only|matched_via_onet_soc_and_task_id"
"occ_13_1082_00","21468","T2","2","","","src_openai_gpts_are_gpts_2023","benchmark_only|matched_via_onet_soc_and_task_id"
"occ_13_1082_00","21469","T2","2","","","src_openai_gpts_are_gpts_2023","benchmark_only|matched_via_onet_soc_and_task_id"
"occ_13_1082_00","21470","T2","2","","","src_openai_gpts_are_gpts_2023","benchmark_only|matched_via_onet_soc_and_task_id"
"occ_13_1082_00","21471","T2","2","","","src_openai_gpts_are_gpts_2023","benchmark_only|matched_via_onet_soc_and_task_id"
"occ_13_1082_00","21472","T1","1","","","src_openai_gpts_are_gpts_2023","benchmark_only|matched_via_onet_soc_and_task_id"
"occ_13_1082_00","21473","T2","2","","","src_openai_gpts_are_gpts_2023","benchmark_only|matched_via_onet_soc_and_task_id"
"occ_13_1082_00","21474","T2","2","","","src_openai_gpts_are_gpts_2023","benchmark_only|matched_via_onet_soc_and_task_id"
"occ_13_1082_00","21475","T3","3","","","src_openai_gpts_are_gpts_2023","benchmark_only|matched_via_onet_soc_and_task_id"
"occ_13_1082_00","21476","T2","2","","","src_openai_gpts_are_gpts_2023","benchmark_only|matched_via_onet_soc_and_task_id"
"occ_13_1082_00","21477","T2","2","","","src_openai_gpts_are_gpts_2023","benchmark_only|matched_via_onet_soc_and_task_id"
"occ_13_1082_00","21478","T2","2","","","src_openai_gpts_are_gpts_2023","benchmark_only|matched_via_onet_soc_and_task_id"
"occ_13_1082_00","21479","T2","2","","","src_openai_gpts_are_gpts_2023","benchmark_only|matched_via_onet_soc_and_task_id"
"occ_13_1082_00","21480","T2","2","","","src_openai_gpts_are_gpts_2023","benchmark_only|matched_via_onet_soc_and_task_id"
"occ_13_1082_00","21481","T2","2","","","src_openai_gpts_are_gpts_2023","benchmark_only|matched_via_onet_soc_and_task_id"
"occ_13_1111_00","7276","T2","2","","","src_openai_gpts_are_gpts_2023","benchmark_only|matched_via_onet_soc_and_task_id"
"occ_13_1111_00","7277","T2","2","","","src_openai_gpts_are_gpts_2023","benchmark_only|matched_via_onet_soc_and_task_id"
"occ_13_1111_00","7278","T1","1","","","src_openai_gpts_are_gpts_2023","benchmark_only|matched_via_onet_soc_and_task_id"
"occ_13_1111_00","7279","T2","2","","","src_openai_gpts_are_gpts_2023","benchmark_only|matched_via_onet_soc_and_task_id"
"occ_13_1111_00","7280","T2","2","","","src_openai_gpts_are_gpts_2023","benchmark_only|matched_via_onet_soc_and_task_id"
"occ_13_1111_00","7281","T1","1","","","src_openai_gpts_are_gpts_2023","benchmark_only|matched_via_onet_soc_and_task_id"
"occ_13_1111_00","7282","T2","2","","","src_openai_gpts_are_gpts_2023","benchmark_only|matched_via_onet_soc_and_task_id"
"occ_13_1111_00","7283","T2","2","","","src_openai_gpts_are_gpts_2023","benchmark_only|matched_via_onet_soc_and_task_id"
"occ_13_1111_00","7284","T2","2","","","src_openai_gpts_are_gpts_2023","benchmark_only|matched_via_onet_soc_and_task_id"
"occ_13_1111_00","7285","T2","2","","","src_openai_gpts_are_gpts_2023","benchmark_only|matched_via_onet_soc_and_task_id"
"occ_13_1111_00","7286","T2","2","","","src_openai_gpts_are_gpts_2023","benchmark_only|matched_via_onet_soc_and_task_id"
"occ_13_1151_00","100","T2","2","","","src_openai_gpts_are_gpts_2023","benchmark_only|matched_via_onet_soc_and_task_id"
"occ_13_1151_00","101","T2","2","","","src_openai_gpts_are_gpts_2023","benchmark_only|matched_via_onet_soc_and_task_id"
"occ_13_1151_00","102","T2","2","","","src_openai_gpts_are_gpts_2023","benchmark_only|matched_via_onet_soc_and_task_id"
"occ_13_1151_00","103","T2","2","","","src_openai_gpts_are_gpts_2023","benchmark_only|matched_via_onet_soc_and_task_id"
"occ_13_1151_00","105","T2","2","","","src_openai_gpts_are_gpts_2023","benchmark_only|matched_via_onet_soc_and_task_id"
"occ_13_1151_00","106","T2","2","","","src_openai_gpts_are_gpts_2023","benchmark_only|matched_via_onet_soc_and_task_id"
"occ_13_1151_00","108","T1","1","","","src_openai_gpts_are_gpts_2023","benchmark_only|matched_via_onet_soc_and_task_id"
"occ_13_1151_00","111","T2","2","","","src_openai_gpts_are_gpts_2023","benchmark_only|matched_via_onet_soc_and_task_id"
"occ_13_1151_00","19558","T2","2","","","src_openai_gpts_are_gpts_2023","benchmark_only|matched_via_onet_soc_and_task_id"
"occ_13_1151_00","19559","T2","2","","","src_openai_gpts_are_gpts_2023","benchmark_only|matched_via_onet_soc_and_task_id"
"occ_13_1151_00","20474","T2","2","","","src_openai_gpts_are_gpts_2023","benchmark_only|matched_via_onet_soc_and_task_id"
"occ_13_1151_00","20475","T2","2","","","src_openai_gpts_are_gpts_2023","benchmark_only|matched_via_onet_soc_and_task_id"
"occ_13_1151_00","20476","T2","2","","","src_openai_gpts_are_gpts_2023","benchmark_only|matched_via_onet_soc_and_task_id"
"occ_13_1151_00","20477","T1","1","","","src_openai_gpts_are_gpts_2023","benchmark_only|matched_via_onet_soc_and_task_id"
"occ_13_1151_00","93","T2","2","","","src_openai_gpts_are_gpts_2023","benchmark_only|matched_via_onet_soc_and_task_id"
"occ_13_1151_00","94","T2","2","","","src_openai_gpts_are_gpts_2023","benchmark_only|matched_via_onet_soc_and_task_id"
"occ_13_1151_00","95","T3","3","","","src_openai_gpts_are_gpts_2023","benchmark_only|matched_via_onet_soc_and_task_id"
"occ_13_1151_00","97","T2","2","","","src_openai_gpts_are_gpts_2023","benchmark_only|matched_via_onet_soc_and_task_id"
"occ_13_1151_00","98","T2","2","","","src_openai_gpts_are_gpts_2023","benchmark_only|matched_via_onet_soc_and_task_id"
"occ_13_1151_00","99","T1","1","","","src_openai_gpts_are_gpts_2023","benchmark_only|matched_via_onet_soc_and_task_id"
"occ_13_1161_00","5433","T2","2","","","src_openai_gpts_are_gpts_2023","benchmark_only|matched_via_onet_soc_and_task_id"
"occ_13_1161_00","5434","T3","3","","","src_openai_gpts_are_gpts_2023","benchmark_only|matched_via_onet_soc_and_task_id"
"occ_13_1161_00","5435","T2","2","","","src_openai_gpts_are_gpts_2023","benchmark_only|matched_via_onet_soc_and_task_id"
"occ_13_1161_00","5436","T2","2","","","src_openai_gpts_are_gpts_2023","benchmark_only|matched_via_onet_soc_and_task_id"
"occ_13_1161_00","5437","T2","2","","","src_openai_gpts_are_gpts_2023","benchmark_only|matched_via_onet_soc_and_task_id"
"occ_13_1161_00","5438","T2","2","","","src_openai_gpts_are_gpts_2023","benchmark_only|matched_via_onet_soc_and_task_id"
"occ_13_1161_00","5439","T2","2","","","src_openai_gpts_are_gpts_2023","benchmark_only|matched_via_onet_soc_and_task_id"
"occ_13_1161_00","5440","T2","2","","","src_openai_gpts_are_gpts_2023","benchmark_only|matched_via_onet_soc_and_task_id"
"occ_13_1161_00","5441","T2","2","","","src_openai_gpts_are_gpts_2023","benchmark_only|matched_via_onet_soc_and_task_id"
"occ_13_1161_00","5442","T3","3","","","src_openai_gpts_are_gpts_2023","benchmark_only|matched_via_onet_soc_and_task_id"
"occ_13_1161_00","5443","T2","2","","","src_openai_gpts_are_gpts_2023","benchmark_only|matched_via_onet_soc_and_task_id"
"occ_13_1161_00","5444","T2","2","","","src_openai_gpts_are_gpts_2023","benchmark_only|matched_via_onet_soc_and_task_id"
"occ_13_1161_00","5445","T2","2","","","src_openai_gpts_are_gpts_2023","benchmark_only|matched_via_onet_soc_and_task_id"
"occ_13_2011_00","21505","T2","2","T2","2","src_openai_gpts_are_gpts_2023","benchmark_only|matched_via_onet_soc_and_task_id"
"occ_13_2011_00","21506","T2","2","T2","2","src_openai_gpts_are_gpts_2023","benchmark_only|matched_via_onet_soc_and_task_id"
"occ_13_2011_00","21507","T2","2","T2","2","src_openai_gpts_are_gpts_2023","benchmark_only|matched_via_onet_soc_and_task_id"
"occ_13_2011_00","21508","T2","2","T3","3","src_openai_gpts_are_gpts_2023","benchmark_only|matched_via_onet_soc_and_task_id"
"occ_13_2011_00","21509","T2","2","T1","1","src_openai_gpts_are_gpts_2023","benchmark_only|matched_via_onet_soc_and_task_id"
"occ_13_2011_00","21510","T1","1","T1","1","src_openai_gpts_are_gpts_2023","benchmark_only|matched_via_onet_soc_and_task_id"
"occ_13_2011_00","21511","T2","2","T3","3","src_openai_gpts_are_gpts_2023","benchmark_only|matched_via_onet_soc_and_task_id"
"occ_13_2011_00","21512","T3","3","T3","3","src_openai_gpts_are_gpts_2023","benchmark_only|matched_via_onet_soc_and_task_id"
"occ_13_2011_00","21513","T2","2","T1","1","src_openai_gpts_are_gpts_2023","benchmark_only|matched_via_onet_soc_and_task_id"
"occ_13_2011_00","21514","T2","2","T3","3","src_openai_gpts_are_gpts_2023","benchmark_only|matched_via_onet_soc_and_task_id"
"occ_13_2011_00","21515","T3","3","T3","3","src_openai_gpts_are_gpts_2023","benchmark_only|matched_via_onet_soc_and_task_id"
"occ_13_2011_00","21516","T3","3","T3","3","src_openai_gpts_are_gpts_2023","benchmark_only|matched_via_onet_soc_and_task_id"
"occ_13_2011_00","21517","T3","3","T3","3","src_openai_gpts_are_gpts_2023","benchmark_only|matched_via_onet_soc_and_task_id"
"occ_13_2011_00","21518","T3","3","T2","2","src_openai_gpts_are_gpts_2023","benchmark_only|matched_via_onet_soc_and_task_id"
"occ_13_2011_00","21519","T2","2","T2","2","src_openai_gpts_are_gpts_2023","benchmark_only|matched_via_onet_soc_and_task_id"
"occ_13_2011_00","21520","T2","2","T2","2","src_openai_gpts_are_gpts_2023","benchmark_only|matched_via_onet_soc_and_task_id"
"occ_13_2011_00","21521","T2","2","T2","2","src_openai_gpts_are_gpts_2023","benchmark_only|matched_via_onet_soc_and_task_id"
"occ_13_2011_00","21522","T3","3","T3","3","src_openai_gpts_are_gpts_2023","benchmark_only|matched_via_onet_soc_and_task_id"
"occ_13_2011_00","21523","T2","2","T1","1","src_openai_gpts_are_gpts_2023","benchmark_only|matched_via_onet_soc_and_task_id"
"occ_13_2011_00","21524","T3","3","T3","3","src_openai_gpts_are_gpts_2023","benchmark_only|matched_via_onet_soc_and_task_id"
"occ_13_2011_00","21525","T2","2","T1","1","src_openai_gpts_are_gpts_2023","benchmark_only|matched_via_onet_soc_and_task_id"
"occ_13_2011_00","21526","T3","3","T3","3","src_openai_gpts_are_gpts_2023","benchmark_only|matched_via_onet_soc_and_task_id"
"occ_13_2011_00","21527","T2","2","T2","2","src_openai_gpts_are_gpts_2023","benchmark_only|matched_via_onet_soc_and_task_id"
"occ_13_2011_00","21529","T2","2","T1","1","src_openai_gpts_are_gpts_2023","benchmark_only|matched_via_onet_soc_and_task_id"
"occ_13_2011_00","21530","T2","2","T2","2","src_openai_gpts_are_gpts_2023","benchmark_only|matched_via_onet_soc_and_task_id"
"occ_13_2011_00","21531","T3","3","T4","4","src_openai_gpts_are_gpts_2023","benchmark_only|matched_via_onet_soc_and_task_id"
"occ_13_2011_00","21532","T2","2","T2","2","src_openai_gpts_are_gpts_2023","benchmark_only|matched_via_onet_soc_and_task_id"
"occ_13_2011_00","21533","T3","3","T3","3","src_openai_gpts_are_gpts_2023","benchmark_only|matched_via_onet_soc_and_task_id"
"occ_13_2011_00","21534","T3","3","T4","4","src_openai_gpts_are_gpts_2023","benchmark_only|matched_via_onet_soc_and_task_id"
"occ_13_2051_00","21579","T2","2","","","src_openai_gpts_are_gpts_2023","benchmark_only|matched_via_onet_soc_and_task_id"
"occ_13_2051_00","21580","T2","2","","","src_openai_gpts_are_gpts_2023","benchmark_only|matched_via_onet_soc_and_task_id"
"occ_13_2051_00","21581","T1","1","","","src_openai_gpts_are_gpts_2023","benchmark_only|matched_via_onet_soc_and_task_id"
"occ_13_2051_00","21582","T1","1","","","src_openai_gpts_are_gpts_2023","benchmark_only|matched_via_onet_soc_and_task_id"
"occ_13_2051_00","21583","T1","1","","","src_openai_gpts_are_gpts_2023","benchmark_only|matched_via_onet_soc_and_task_id"
"occ_13_2051_00","21584","T2","2","","","src_openai_gpts_are_gpts_2023","benchmark_only|matched_via_onet_soc_and_task_id"
"occ_13_2051_00","21585","T2","2","","","src_openai_gpts_are_gpts_2023","benchmark_only|matched_via_onet_soc_and_task_id"
"occ_13_2051_00","21586","T2","2","","","src_openai_gpts_are_gpts_2023","benchmark_only|matched_via_onet_soc_and_task_id"
"occ_13_2051_00","21587","T3","3","","","src_openai_gpts_are_gpts_2023","benchmark_only|matched_via_onet_soc_and_task_id"
"occ_13_2051_00","21588","T1","1","","","src_openai_gpts_are_gpts_2023","benchmark_only|matched_via_onet_soc_and_task_id"
"occ_13_2051_00","21589","T3","3","","","src_openai_gpts_are_gpts_2023","benchmark_only|matched_via_onet_soc_and_task_id"
"occ_13_2051_00","21590","T2","2","","","src_openai_gpts_are_gpts_2023","benchmark_only|matched_via_onet_soc_and_task_id"
"occ_13_2051_00","21591","T3","3","","","src_openai_gpts_are_gpts_2023","benchmark_only|matched_via_onet_soc_and_task_id"
"occ_13_2051_00","21592","T2","2","","","src_openai_gpts_are_gpts_2023","benchmark_only|matched_via_onet_soc_and_task_id"
"occ_13_2051_00","21593","T2","2","","","src_openai_gpts_are_gpts_2023","benchmark_only|matched_via_onet_soc_and_task_id"
"occ_13_2051_00","21594","T2","2","","","src_openai_gpts_are_gpts_2023","benchmark_only|matched_via_onet_soc_and_task_id"
"occ_13_2051_00","21595","T2","2","","","src_openai_gpts_are_gpts_2023","benchmark_only|matched_via_onet_soc_and_task_id"
"occ_13_2051_00","21596","T2","2","","","src_openai_gpts_are_gpts_2023","benchmark_only|matched_via_onet_soc_and_task_id"
"occ_13_2051_00","21597","T3","3","","","src_openai_gpts_are_gpts_2023","benchmark_only|matched_via_onet_soc_and_task_id"
"occ_13_2051_00","21598","T3","3","","","src_openai_gpts_are_gpts_2023","benchmark_only|matched_via_onet_soc_and_task_id"
"occ_13_2051_00","21599","T2","2","","","src_openai_gpts_are_gpts_2023","benchmark_only|matched_via_onet_soc_and_task_id"
"occ_13_2051_00","21600","T2","2","","","src_openai_gpts_are_gpts_2023","benchmark_only|matched_via_onet_soc_and_task_id"
"occ_13_2051_00","21601","T3","3","","","src_openai_gpts_are_gpts_2023","benchmark_only|matched_via_onet_soc_and_task_id"
"occ_13_2051_00","21602","T2","2","","","src_openai_gpts_are_gpts_2023","benchmark_only|matched_via_onet_soc_and_task_id"
"occ_13_2051_00","21603","T2","2","","","src_openai_gpts_are_gpts_2023","benchmark_only|matched_via_onet_soc_and_task_id"
"occ_13_2051_00","21604","T1","1","","","src_openai_gpts_are_gpts_2023","benchmark_only|matched_via_onet_soc_and_task_id"
"occ_15_1211_00","20950","T2","2","","","src_openai_gpts_are_gpts_2023","benchmark_only|matched_via_onet_soc_and_task_id"
"occ_15_1211_00","3464","T2","2","","","src_openai_gpts_are_gpts_2023","benchmark_only|matched_via_onet_soc_and_task_id"
"occ_15_1211_00","3465","T2","2","","","src_openai_gpts_are_gpts_2023","benchmark_only|matched_via_onet_soc_and_task_id"
"occ_15_1211_00","3466","T2","2","","","src_openai_gpts_are_gpts_2023","benchmark_only|matched_via_onet_soc_and_task_id"
"occ_15_1211_00","3467","T2","2","","","src_openai_gpts_are_gpts_2023","benchmark_only|matched_via_onet_soc_and_task_id"
"occ_15_1211_00","3468","T2","2","","","src_openai_gpts_are_gpts_2023","benchmark_only|matched_via_onet_soc_and_task_id"
"occ_15_1211_00","3469","T1","1","","","src_openai_gpts_are_gpts_2023","benchmark_only|matched_via_onet_soc_and_task_id"
"occ_15_1211_00","3470","T2","2","","","src_openai_gpts_are_gpts_2023","benchmark_only|matched_via_onet_soc_and_task_id"
"occ_15_1211_00","3471","T2","2","","","src_openai_gpts_are_gpts_2023","benchmark_only|matched_via_onet_soc_and_task_id"
"occ_15_1211_00","3472","T2","2","","","src_openai_gpts_are_gpts_2023","benchmark_only|matched_via_onet_soc_and_task_id"
"occ_15_1211_00","3473","T2","2","","","src_openai_gpts_are_gpts_2023","benchmark_only|matched_via_onet_soc_and_task_id"
"occ_15_1211_00","3474","T2","2","","","src_openai_gpts_are_gpts_2023","benchmark_only|matched_via_onet_soc_and_task_id"
"occ_15_1211_00","3475","T2","2","","","src_openai_gpts_are_gpts_2023","benchmark_only|matched_via_onet_soc_and_task_id"
"occ_15_1211_00","3476","T2","2","","","src_openai_gpts_are_gpts_2023","benchmark_only|matched_via_onet_soc_and_task_id"
"occ_15_1211_00","3477","T2","2","","","src_openai_gpts_are_gpts_2023","benchmark_only|matched_via_onet_soc_and_task_id"
"occ_15_1211_00","3478","T2","2","","","src_openai_gpts_are_gpts_2023","benchmark_only|matched_via_onet_soc_and_task_id"
"occ_15_1211_00","3479","T2","2","","","src_openai_gpts_are_gpts_2023","benchmark_only|matched_via_onet_soc_and_task_id"
"occ_15_1211_00","3480","T2","2","","","src_openai_gpts_are_gpts_2023","benchmark_only|matched_via_onet_soc_and_task_id"
"occ_15_1211_00","3481","T1","1","","","src_openai_gpts_are_gpts_2023","benchmark_only|matched_via_onet_soc_and_task_id"
"occ_15_1211_00","3482","T2","2","","","src_openai_gpts_are_gpts_2023","benchmark_only|matched_via_onet_soc_and_task_id"
"occ_15_1211_00","3483","T2","2","","","src_openai_gpts_are_gpts_2023","benchmark_only|matched_via_onet_soc_and_task_id"
"occ_15_1211_00","3484","T2","2","","","src_openai_gpts_are_gpts_2023","benchmark_only|matched_via_onet_soc_and_task_id"
"occ_15_1252_00","21661","T2","2","","","src_openai_gpts_are_gpts_2023","benchmark_only|matched_via_onet_soc_and_task_id"
"occ_15_1252_00","21662","T2","2","","","src_openai_gpts_are_gpts_2023","benchmark_only|matched_via_onet_soc_and_task_id"
"occ_15_1252_00","21663","T1","1","","","src_openai_gpts_are_gpts_2023","benchmark_only|matched_via_onet_soc_and_task_id"
"occ_15_1252_00","21664","T1","1","","","src_openai_gpts_are_gpts_2023","benchmark_only|matched_via_onet_soc_and_task_id"
"occ_15_1252_00","21665","T2","2","","","src_openai_gpts_are_gpts_2023","benchmark_only|matched_via_onet_soc_and_task_id"
"occ_15_1252_00","21666","T2","2","","","src_openai_gpts_are_gpts_2023","benchmark_only|matched_via_onet_soc_and_task_id"
"occ_15_1252_00","21667","T2","2","","","src_openai_gpts_are_gpts_2023","benchmark_only|matched_via_onet_soc_and_task_id"
"occ_15_1252_00","21668","T2","2","","","src_openai_gpts_are_gpts_2023","benchmark_only|matched_via_onet_soc_and_task_id"
"occ_15_1252_00","21669","T2","2","","","src_openai_gpts_are_gpts_2023","benchmark_only|matched_via_onet_soc_and_task_id"
"occ_15_1252_00","21670","T2","2","","","src_openai_gpts_are_gpts_2023","benchmark_only|matched_via_onet_soc_and_task_id"
"occ_15_1252_00","21671","T2","2","","","src_openai_gpts_are_gpts_2023","benchmark_only|matched_via_onet_soc_and_task_id"
"occ_15_1252_00","21672","T2","2","","","src_openai_gpts_are_gpts_2023","benchmark_only|matched_via_onet_soc_and_task_id"
"occ_15_1252_00","21673","T2","2","","","src_openai_gpts_are_gpts_2023","benchmark_only|matched_via_onet_soc_and_task_id"
"occ_15_1252_00","21676","T3","3","","","src_openai_gpts_are_gpts_2023","benchmark_only|matched_via_onet_soc_and_task_id"
"occ_15_1252_00","21677","T2","2","","","src_openai_gpts_are_gpts_2023","benchmark_only|matched_via_onet_soc_and_task_id"
"occ_15_1252_00","21678","T1","1","","","src_openai_gpts_are_gpts_2023","benchmark_only|matched_via_onet_soc_and_task_id"
"occ_15_1252_00","21679","T2","2","","","src_openai_gpts_are_gpts_2023","benchmark_only|matched_via_onet_soc_and_task_id"
"occ_15_1254_00","14694","T2","2","","","src_openai_gpts_are_gpts_2023","benchmark_only|matched_via_onet_soc_and_task_id"
"occ_15_1254_00","14695","T2","2","","","src_openai_gpts_are_gpts_2023","benchmark_only|matched_via_onet_soc_and_task_id"
"occ_15_1254_00","14697","T1","1","","","src_openai_gpts_are_gpts_2023","benchmark_only|matched_via_onet_soc_and_task_id"
"occ_15_1254_00","14698","T4","4","","","src_openai_gpts_are_gpts_2023","benchmark_only|matched_via_onet_soc_and_task_id"
"occ_15_1254_00","14700","T3","3","","","src_openai_gpts_are_gpts_2023","benchmark_only|matched_via_onet_soc_and_task_id"
"occ_15_1254_00","14701","T2","2","","","src_openai_gpts_are_gpts_2023","benchmark_only|matched_via_onet_soc_and_task_id"
"occ_15_1254_00","14702","T2","2","","","src_openai_gpts_are_gpts_2023","benchmark_only|matched_via_onet_soc_and_task_id"
"occ_15_1254_00","14704","T2","2","","","src_openai_gpts_are_gpts_2023","benchmark_only|matched_via_onet_soc_and_task_id"
"occ_15_1254_00","14705","T4","4","","","src_openai_gpts_are_gpts_2023","benchmark_only|matched_via_onet_soc_and_task_id"
"occ_15_1254_00","14706","T2","2","","","src_openai_gpts_are_gpts_2023","benchmark_only|matched_via_onet_soc_and_task_id"
"occ_15_1254_00","14707","T2","2","","","src_openai_gpts_are_gpts_2023","benchmark_only|matched_via_onet_soc_and_task_id"
"occ_15_1254_00","14708","T2","2","","","src_openai_gpts_are_gpts_2023","benchmark_only|matched_via_onet_soc_and_task_id"
"occ_15_1254_00","14710","T2","2","","","src_openai_gpts_are_gpts_2023","benchmark_only|matched_via_onet_soc_and_task_id"
"occ_15_1254_00","14711","T2","2","","","src_openai_gpts_are_gpts_2023","benchmark_only|matched_via_onet_soc_and_task_id"
"occ_15_1254_00","14713","T3","3","","","src_openai_gpts_are_gpts_2023","benchmark_only|matched_via_onet_soc_and_task_id"
"occ_15_1254_00","14714","T2","2","","","src_openai_gpts_are_gpts_2023","benchmark_only|matched_via_onet_soc_and_task_id"
"occ_15_1254_00","14717","T3","3","","","src_openai_gpts_are_gpts_2023","benchmark_only|matched_via_onet_soc_and_task_id"
"occ_15_1254_00","14719","T2","2","","","src_openai_gpts_are_gpts_2023","benchmark_only|matched_via_onet_soc_and_task_id"
"occ_15_1254_00","14722","T2","2","","","src_openai_gpts_are_gpts_2023","benchmark_only|matched_via_onet_soc_and_task_id"
"occ_15_1254_00","14723","T3","3","","","src_openai_gpts_are_gpts_2023","benchmark_only|matched_via_onet_soc_and_task_id"
"occ_15_1254_00","14724","T2","2","","","src_openai_gpts_are_gpts_2023","benchmark_only|matched_via_onet_soc_and_task_id"
"occ_15_1254_00","14725","T2","2","","","src_openai_gpts_are_gpts_2023","benchmark_only|matched_via_onet_soc_and_task_id"
"occ_15_1254_00","14726","T2","2","","","src_openai_gpts_are_gpts_2023","benchmark_only|matched_via_onet_soc_and_task_id"
"occ_15_1254_00","14727","T2","2","","","src_openai_gpts_are_gpts_2023","benchmark_only|matched_via_onet_soc_and_task_id"
"occ_15_1254_00","14728","T3","3","","","src_openai_gpts_are_gpts_2023","benchmark_only|matched_via_onet_soc_and_task_id"
"occ_15_1254_00","14729","T3","3","","","src_openai_gpts_are_gpts_2023","benchmark_only|matched_via_onet_soc_and_task_id"
"occ_15_1254_00","14730","T2","2","","","src_openai_gpts_are_gpts_2023","benchmark_only|matched_via_onet_soc_and_task_id"
"occ_15_1254_00","21683","T2","2","","","src_openai_gpts_are_gpts_2023","benchmark_only|matched_via_onet_soc_and_task_id"
"occ_15_1254_00","21684","T2","2","","","src_openai_gpts_are_gpts_2023","benchmark_only|matched_via_onet_soc_and_task_id"
"occ_15_2031_00","20952","T2","2","","","src_openai_gpts_are_gpts_2023","benchmark_only|matched_via_onet_soc_and_task_id"
"occ_15_2031_00","20953","T2","2","","","src_openai_gpts_are_gpts_2023","benchmark_only|matched_via_onet_soc_and_task_id"
"occ_15_2031_00","7377","T3","3","","","src_openai_gpts_are_gpts_2023","benchmark_only|matched_via_onet_soc_and_task_id"
"occ_15_2031_00","7378","T1","1","","","src_openai_gpts_are_gpts_2023","benchmark_only|matched_via_onet_soc_and_task_id"
"occ_15_2031_00","7379","T2","2","","","src_openai_gpts_are_gpts_2023","benchmark_only|matched_via_onet_soc_and_task_id"
"occ_15_2031_00","7380","T2","2","","","src_openai_gpts_are_gpts_2023","benchmark_only|matched_via_onet_soc_and_task_id"
"occ_15_2031_00","7381","T2","2","","","src_openai_gpts_are_gpts_2023","benchmark_only|matched_via_onet_soc_and_task_id"
"occ_15_2031_00","7382","T2","2","","","src_openai_gpts_are_gpts_2023","benchmark_only|matched_via_onet_soc_and_task_id"
"occ_15_2031_00","7383","T2","2","","","src_openai_gpts_are_gpts_2023","benchmark_only|matched_via_onet_soc_and_task_id"
"occ_15_2031_00","7384","T2","2","","","src_openai_gpts_are_gpts_2023","benchmark_only|matched_via_onet_soc_and_task_id"
"occ_15_2031_00","7385","T3","3","","","src_openai_gpts_are_gpts_2023","benchmark_only|matched_via_onet_soc_and_task_id"
"occ_15_2031_00","7386","T2","2","","","src_openai_gpts_are_gpts_2023","benchmark_only|matched_via_onet_soc_and_task_id"
"occ_15_2031_00","7387","T2","2","","","src_openai_gpts_are_gpts_2023","benchmark_only|matched_via_onet_soc_and_task_id"
"occ_15_2031_00","7388","T2","2","","","src_openai_gpts_are_gpts_2023","benchmark_only|matched_via_onet_soc_and_task_id"
"occ_15_2031_00","7389","T2","2","","","src_openai_gpts_are_gpts_2023","benchmark_only|matched_via_onet_soc_and_task_id"
"occ_15_2031_00","7390","T2","2","","","src_openai_gpts_are_gpts_2023","benchmark_only|matched_via_onet_soc_and_task_id"
"occ_15_2051_00","21823","T3","3","","","src_openai_gpts_are_gpts_2023","benchmark_only|matched_via_onet_soc_and_task_id"
"occ_15_2051_00","21824","T3","3","","","src_openai_gpts_are_gpts_2023","benchmark_only|matched_via_onet_soc_and_task_id"
"occ_15_2051_00","21825","T3","3","","","src_openai_gpts_are_gpts_2023","benchmark_only|matched_via_onet_soc_and_task_id"
"occ_15_2051_00","21826","T3","3","","","src_openai_gpts_are_gpts_2023","benchmark_only|matched_via_onet_soc_and_task_id"
"occ_15_2051_00","21827","T3","3","","","src_openai_gpts_are_gpts_2023","benchmark_only|matched_via_onet_soc_and_task_id"
"occ_15_2051_00","21828","T3","3","","","src_openai_gpts_are_gpts_2023","benchmark_only|matched_via_onet_soc_and_task_id"
"occ_15_2051_00","21829","T2","2","","","src_openai_gpts_are_gpts_2023","benchmark_only|matched_via_onet_soc_and_task_id"
"occ_15_2051_00","21830","T2","2","","","src_openai_gpts_are_gpts_2023","benchmark_only|matched_via_onet_soc_and_task_id"
"occ_15_2051_00","21831","T2","2","","","src_openai_gpts_are_gpts_2023","benchmark_only|matched_via_onet_soc_and_task_id"
"occ_15_2051_00","21832","T2","2","","","src_openai_gpts_are_gpts_2023","benchmark_only|matched_via_onet_soc_and_task_id"
"occ_15_2051_00","21833","T2","2","","","src_openai_gpts_are_gpts_2023","benchmark_only|matched_via_onet_soc_and_task_id"
"occ_15_2051_00","21834","T2","2","","","src_openai_gpts_are_gpts_2023","benchmark_only|matched_via_onet_soc_and_task_id"
"occ_15_2051_00","21835","T2","2","","","src_openai_gpts_are_gpts_2023","benchmark_only|matched_via_onet_soc_and_task_id"
"occ_15_2051_00","21836","T2","2","","","src_openai_gpts_are_gpts_2023","benchmark_only|matched_via_onet_soc_and_task_id"
"occ_15_2051_00","21837","T2","2","","","src_openai_gpts_are_gpts_2023","benchmark_only|matched_via_onet_soc_and_task_id"
"occ_15_2051_00","21838","T2","2","","","src_openai_gpts_are_gpts_2023","benchmark_only|matched_via_onet_soc_and_task_id"
"occ_17_2072_00","19621","T2","2","","","src_openai_gpts_are_gpts_2023","benchmark_only|matched_via_onet_soc_and_task_id"
"occ_17_2072_00","19623","T2","2","","","src_openai_gpts_are_gpts_2023","benchmark_only|matched_via_onet_soc_and_task_id"
"occ_17_2072_00","20493","T2","2","","","src_openai_gpts_are_gpts_2023","benchmark_only|matched_via_onet_soc_and_task_id"
"occ_17_2072_00","20494","T2","2","","","src_openai_gpts_are_gpts_2023","benchmark_only|matched_via_onet_soc_and_task_id"
"occ_17_2072_00","20495","T2","2","","","src_openai_gpts_are_gpts_2023","benchmark_only|matched_via_onet_soc_and_task_id"
"occ_17_2072_00","20496","T1","1","","","src_openai_gpts_are_gpts_2023","benchmark_only|matched_via_onet_soc_and_task_id"
"occ_17_2072_00","20497","T2","2","","","src_openai_gpts_are_gpts_2023","benchmark_only|matched_via_onet_soc_and_task_id"
"occ_17_2072_00","20498","T2","2","","","src_openai_gpts_are_gpts_2023","benchmark_only|matched_via_onet_soc_and_task_id"
"occ_17_2072_00","20499","T2","2","","","src_openai_gpts_are_gpts_2023","benchmark_only|matched_via_onet_soc_and_task_id"
"occ_17_2072_00","20500","T2","2","","","src_openai_gpts_are_gpts_2023","benchmark_only|matched_via_onet_soc_and_task_id"
"occ_17_2072_00","5339","T2","2","","","src_openai_gpts_are_gpts_2023","benchmark_only|matched_via_onet_soc_and_task_id"
"occ_17_2072_00","5346","T2","2","","","src_openai_gpts_are_gpts_2023","benchmark_only|matched_via_onet_soc_and_task_id"
"occ_17_2072_00","5348","T1","1","","","src_openai_gpts_are_gpts_2023","benchmark_only|matched_via_onet_soc_and_task_id"
"occ_17_2072_00","5349","T1","1","","","src_openai_gpts_are_gpts_2023","benchmark_only|matched_via_onet_soc_and_task_id"
"occ_17_2072_00","5350","T2","2","","","src_openai_gpts_are_gpts_2023","benchmark_only|matched_via_onet_soc_and_task_id"
"occ_17_2072_00","5351","T2","2","","","src_openai_gpts_are_gpts_2023","benchmark_only|matched_via_onet_soc_and_task_id"
"occ_17_2072_00","5352","T2","2","","","src_openai_gpts_are_gpts_2023","benchmark_only|matched_via_onet_soc_and_task_id"
"occ_17_2072_00","5354","T2","2","","","src_openai_gpts_are_gpts_2023","benchmark_only|matched_via_onet_soc_and_task_id"
"occ_17_2072_00","5355","T2","2","","","src_openai_gpts_are_gpts_2023","benchmark_only|matched_via_onet_soc_and_task_id"
"occ_17_2072_00","5357","T1","1","","","src_openai_gpts_are_gpts_2023","benchmark_only|matched_via_onet_soc_and_task_id"
"occ_17_2141_00","1411","T2","2","","","src_openai_gpts_are_gpts_2023","benchmark_only|matched_via_onet_soc_and_task_id"
"occ_17_2141_00","1412","T2","2","","","src_openai_gpts_are_gpts_2023","benchmark_only|matched_via_onet_soc_and_task_id"
"occ_17_2141_00","1413","T2","2","","","src_openai_gpts_are_gpts_2023","benchmark_only|matched_via_onet_soc_and_task_id"
"occ_17_2141_00","1418","T2","2","","","src_openai_gpts_are_gpts_2023","benchmark_only|matched_via_onet_soc_and_task_id"
"occ_17_2141_00","1419","T1","1","","","src_openai_gpts_are_gpts_2023","benchmark_only|matched_via_onet_soc_and_task_id"
"occ_17_2141_00","1420","T2","2","","","src_openai_gpts_are_gpts_2023","benchmark_only|matched_via_onet_soc_and_task_id"
"occ_17_2141_00","1421","T2","2","","","src_openai_gpts_are_gpts_2023","benchmark_only|matched_via_onet_soc_and_task_id"
"occ_17_2141_00","1423","T2","2","","","src_openai_gpts_are_gpts_2023","benchmark_only|matched_via_onet_soc_and_task_id"
"occ_17_2141_00","1427","T2","2","","","src_openai_gpts_are_gpts_2023","benchmark_only|matched_via_onet_soc_and_task_id"
"occ_17_2141_00","1429","T2","2","","","src_openai_gpts_are_gpts_2023","benchmark_only|matched_via_onet_soc_and_task_id"
"occ_17_2141_00","1430","T2","2","","","src_openai_gpts_are_gpts_2023","benchmark_only|matched_via_onet_soc_and_task_id"
"occ_17_2141_00","1431","T2","2","","","src_openai_gpts_are_gpts_2023","benchmark_only|matched_via_onet_soc_and_task_id"
"occ_17_2141_00","19627","T3","3","","","src_openai_gpts_are_gpts_2023","benchmark_only|matched_via_onet_soc_and_task_id"
"occ_17_2141_00","19628","T2","2","","","src_openai_gpts_are_gpts_2023","benchmark_only|matched_via_onet_soc_and_task_id"
"occ_17_2141_00","19629","T1","1","","","src_openai_gpts_are_gpts_2023","benchmark_only|matched_via_onet_soc_and_task_id"
"occ_17_2141_00","19630","T2","2","","","src_openai_gpts_are_gpts_2023","benchmark_only|matched_via_onet_soc_and_task_id"
"occ_17_2141_00","19631","T2","2","","","src_openai_gpts_are_gpts_2023","benchmark_only|matched_via_onet_soc_and_task_id"
"occ_17_2141_00","19632","T2","2","","","src_openai_gpts_are_gpts_2023","benchmark_only|matched_via_onet_soc_and_task_id"
"occ_17_2141_00","20733","T2","2","","","src_openai_gpts_are_gpts_2023","benchmark_only|matched_via_onet_soc_and_task_id"
"occ_17_2141_00","20734","T2","2","","","src_openai_gpts_are_gpts_2023","benchmark_only|matched_via_onet_soc_and_task_id"
"occ_17_2141_00","20735","T2","2","","","src_openai_gpts_are_gpts_2023","benchmark_only|matched_via_onet_soc_and_task_id"
"occ_17_2141_00","20736","T2","2","","","src_openai_gpts_are_gpts_2023","benchmark_only|matched_via_onet_soc_and_task_id"
"occ_17_2141_00","20737","T2","2","","","src_openai_gpts_are_gpts_2023","benchmark_only|matched_via_onet_soc_and_task_id"
"occ_17_2141_00","20738","T2","2","","","src_openai_gpts_are_gpts_2023","benchmark_only|matched_via_onet_soc_and_task_id"
"occ_17_2141_00","20739","T1","1","","","src_openai_gpts_are_gpts_2023","benchmark_only|matched_via_onet_soc_and_task_id"
"occ_17_2141_00","20740","T1","1","","","src_openai_gpts_are_gpts_2023","benchmark_only|matched_via_onet_soc_and_task_id"
"occ_17_2141_00","20741","T2","2","","","src_openai_gpts_are_gpts_2023","benchmark_only|matched_via_onet_soc_and_task_id"
"occ_17_2141_00","20742","T2","2","","","src_openai_gpts_are_gpts_2023","benchmark_only|matched_via_onet_soc_and_task_id"
"occ_23_1011_00","20877","T2","2","","","src_openai_gpts_are_gpts_2023","benchmark_only|matched_via_onet_soc_and_task_id"
"occ_23_1011_00","3773","T2","2","","","src_openai_gpts_are_gpts_2023","benchmark_only|matched_via_onet_soc_and_task_id"
"occ_23_1011_00","3774","T2","2","","","src_openai_gpts_are_gpts_2023","benchmark_only|matched_via_onet_soc_and_task_id"
"occ_23_1011_00","3775","T2","2","","","src_openai_gpts_are_gpts_2023","benchmark_only|matched_via_onet_soc_and_task_id"
"occ_23_1011_00","3776","T3","3","","","src_openai_gpts_are_gpts_2023","benchmark_only|matched_via_onet_soc_and_task_id"
"occ_23_1011_00","3777","T2","2","","","src_openai_gpts_are_gpts_2023","benchmark_only|matched_via_onet_soc_and_task_id"
"occ_23_1011_00","3778","T2","2","","","src_openai_gpts_are_gpts_2023","benchmark_only|matched_via_onet_soc_and_task_id"
"occ_23_1011_00","3779","T2","2","","","src_openai_gpts_are_gpts_2023","benchmark_only|matched_via_onet_soc_and_task_id"
"occ_23_1011_00","3780","T2","2","","","src_openai_gpts_are_gpts_2023","benchmark_only|matched_via_onet_soc_and_task_id"
"occ_23_1011_00","3781","T2","2","","","src_openai_gpts_are_gpts_2023","benchmark_only|matched_via_onet_soc_and_task_id"
"occ_23_1011_00","3782","T2","2","","","src_openai_gpts_are_gpts_2023","benchmark_only|matched_via_onet_soc_and_task_id"
"occ_23_1011_00","3783","T2","2","","","src_openai_gpts_are_gpts_2023","benchmark_only|matched_via_onet_soc_and_task_id"
"occ_23_1011_00","3785","T3","3","","","src_openai_gpts_are_gpts_2023","benchmark_only|matched_via_onet_soc_and_task_id"
"occ_23_1011_00","3786","T2","2","","","src_openai_gpts_are_gpts_2023","benchmark_only|matched_via_onet_soc_and_task_id"
"occ_23_1011_00","3787","T2","2","","","src_openai_gpts_are_gpts_2023","benchmark_only|matched_via_onet_soc_and_task_id"
"occ_23_1011_00","3788","T3","3","","","src_openai_gpts_are_gpts_2023","benchmark_only|matched_via_onet_soc_and_task_id"
"occ_23_1011_00","3789","T1","1","","","src_openai_gpts_are_gpts_2023","benchmark_only|matched_via_onet_soc_and_task_id"
"occ_23_1011_00","3790","T2","2","","","src_openai_gpts_are_gpts_2023","benchmark_only|matched_via_onet_soc_and_task_id"
"occ_23_1011_00","3791","T2","2","","","src_openai_gpts_are_gpts_2023","benchmark_only|matched_via_onet_soc_and_task_id"
"occ_23_1011_00","3792","T2","2","","","src_openai_gpts_are_gpts_2023","benchmark_only|matched_via_onet_soc_and_task_id"
"occ_23_1011_00","3793","T2","2","","","src_openai_gpts_are_gpts_2023","benchmark_only|matched_via_onet_soc_and_task_id"
"occ_23_2011_00","1636","T2","2","","","src_openai_gpts_are_gpts_2023","benchmark_only|matched_via_onet_soc_and_task_id"
"occ_23_2011_00","1638","T1","1","","","src_openai_gpts_are_gpts_2023","benchmark_only|matched_via_onet_soc_and_task_id"
"occ_23_2011_00","1639","T1","1","","","src_openai_gpts_are_gpts_2023","benchmark_only|matched_via_onet_soc_and_task_id"
"occ_23_2011_00","1641","T3","3","","","src_openai_gpts_are_gpts_2023","benchmark_only|matched_via_onet_soc_and_task_id"
"occ_23_2011_00","1642","T2","2","","","src_openai_gpts_are_gpts_2023","benchmark_only|matched_via_onet_soc_and_task_id"
"occ_23_2011_00","18491","T2","2","","","src_openai_gpts_are_gpts_2023","benchmark_only|matched_via_onet_soc_and_task_id"
"occ_23_2011_00","18492","T2","2","","","src_openai_gpts_are_gpts_2023","benchmark_only|matched_via_onet_soc_and_task_id"
"occ_23_2011_00","18493","T1","1","","","src_openai_gpts_are_gpts_2023","benchmark_only|matched_via_onet_soc_and_task_id"
"occ_23_2011_00","18494","T3","3","","","src_openai_gpts_are_gpts_2023","benchmark_only|matched_via_onet_soc_and_task_id"
"occ_23_2011_00","18496","T2","2","","","src_openai_gpts_are_gpts_2023","benchmark_only|matched_via_onet_soc_and_task_id"
"occ_23_2011_00","21062","T2","2","","","src_openai_gpts_are_gpts_2023","benchmark_only|matched_via_onet_soc_and_task_id"
"occ_27_1024_00","15228","T3","3","","","src_openai_gpts_are_gpts_2023","benchmark_only|matched_via_onet_soc_and_task_id"
"occ_27_1024_00","15229","T2","2","","","src_openai_gpts_are_gpts_2023","benchmark_only|matched_via_onet_soc_and_task_id"
"occ_27_1024_00","299","T2","2","","","src_openai_gpts_are_gpts_2023","benchmark_only|matched_via_onet_soc_and_task_id"
"occ_27_1024_00","300","T3","3","","","src_openai_gpts_are_gpts_2023","benchmark_only|matched_via_onet_soc_and_task_id"
"occ_27_1024_00","301","T3","3","","","src_openai_gpts_are_gpts_2023","benchmark_only|matched_via_onet_soc_and_task_id"
"occ_27_1024_00","302","T3","3","","","src_openai_gpts_are_gpts_2023","benchmark_only|matched_via_onet_soc_and_task_id"
"occ_27_1024_00","303","T3","3","","","src_openai_gpts_are_gpts_2023","benchmark_only|matched_via_onet_soc_and_task_id"
"occ_27_1024_00","304","T2","2","","","src_openai_gpts_are_gpts_2023","benchmark_only|matched_via_onet_soc_and_task_id"
"occ_27_1024_00","305","T2","2","","","src_openai_gpts_are_gpts_2023","benchmark_only|matched_via_onet_soc_and_task_id"
"occ_27_1024_00","306","T2","2","","","src_openai_gpts_are_gpts_2023","benchmark_only|matched_via_onet_soc_and_task_id"
"occ_27_1024_00","307","T3","3","","","src_openai_gpts_are_gpts_2023","benchmark_only|matched_via_onet_soc_and_task_id"
"occ_27_1024_00","308","T2","2","","","src_openai_gpts_are_gpts_2023","benchmark_only|matched_via_onet_soc_and_task_id"
"occ_27_1024_00","309","T2","2","","","src_openai_gpts_are_gpts_2023","benchmark_only|matched_via_onet_soc_and_task_id"
"occ_27_1024_00","310","T2","2","","","src_openai_gpts_are_gpts_2023","benchmark_only|matched_via_onet_soc_and_task_id"
"occ_27_1024_00","312","T3","3","","","src_openai_gpts_are_gpts_2023","benchmark_only|matched_via_onet_soc_and_task_id"
"occ_27_1024_00","313","T3","3","","","src_openai_gpts_are_gpts_2023","benchmark_only|matched_via_onet_soc_and_task_id"
"occ_27_3023_00","22623","T3","3","","","src_openai_gpts_are_gpts_2023","benchmark_only|matched_via_onet_soc_and_task_id"
"occ_27_3023_00","22624","T2","2","","","src_openai_gpts_are_gpts_2023","benchmark_only|matched_via_onet_soc_and_task_id"
"occ_27_3023_00","22625","T2","2","","","src_openai_gpts_are_gpts_2023","benchmark_only|matched_via_onet_soc_and_task_id"
"occ_27_3023_00","22626","T3","3","","","src_openai_gpts_are_gpts_2023","benchmark_only|matched_via_onet_soc_and_task_id"
"occ_27_3023_00","22627","T2","2","","","src_openai_gpts_are_gpts_2023","benchmark_only|matched_via_onet_soc_and_task_id"
"occ_27_3023_00","22628","T2","2","","","src_openai_gpts_are_gpts_2023","benchmark_only|matched_via_onet_soc_and_task_id"
"occ_27_3023_00","22629","T2","2","","","src_openai_gpts_are_gpts_2023","benchmark_only|matched_via_onet_soc_and_task_id"
"occ_27_3023_00","22630","T2","2","","","src_openai_gpts_are_gpts_2023","benchmark_only|matched_via_onet_soc_and_task_id"
"occ_27_3023_00","22631","T2","2","","","src_openai_gpts_are_gpts_2023","benchmark_only|matched_via_onet_soc_and_task_id"
"occ_27_3023_00","22632","T3","3","","","src_openai_gpts_are_gpts_2023","benchmark_only|matched_via_onet_soc_and_task_id"
"occ_27_3023_00","22633","T1","1","","","src_openai_gpts_are_gpts_2023","benchmark_only|matched_via_onet_soc_and_task_id"
"occ_27_3023_00","22634","T3","3","","","src_openai_gpts_are_gpts_2023","benchmark_only|matched_via_onet_soc_and_task_id"
"occ_27_3023_00","22635","T2","2","","","src_openai_gpts_are_gpts_2023","benchmark_only|matched_via_onet_soc_and_task_id"
"occ_27_3023_00","22636","T2","2","","","src_openai_gpts_are_gpts_2023","benchmark_only|matched_via_onet_soc_and_task_id"
"occ_27_3023_00","22637","T2","2","","","src_openai_gpts_are_gpts_2023","benchmark_only|matched_via_onet_soc_and_task_id"
"occ_27_3023_00","22638","T2","2","","","src_openai_gpts_are_gpts_2023","benchmark_only|matched_via_onet_soc_and_task_id"
"occ_27_3023_00","22639","T3","3","","","src_openai_gpts_are_gpts_2023","benchmark_only|matched_via_onet_soc_and_task_id"
"occ_27_3023_00","22640","T2","2","","","src_openai_gpts_are_gpts_2023","benchmark_only|matched_via_onet_soc_and_task_id"
"occ_27_3023_00","22641","T3","3","","","src_openai_gpts_are_gpts_2023","benchmark_only|matched_via_onet_soc_and_task_id"
"occ_27_3023_00","22642","T3","3","","","src_openai_gpts_are_gpts_2023","benchmark_only|matched_via_onet_soc_and_task_id"
"occ_27_3023_00","22643","T1","1","","","src_openai_gpts_are_gpts_2023","benchmark_only|matched_via_onet_soc_and_task_id"
"occ_27_3023_00","22644","T2","2","","","src_openai_gpts_are_gpts_2023","benchmark_only|matched_via_onet_soc_and_task_id"
"occ_27_3023_00","22645","T3","3","","","src_openai_gpts_are_gpts_2023","benchmark_only|matched_via_onet_soc_and_task_id"
"occ_27_3023_00","22646","T2","2","","","src_openai_gpts_are_gpts_2023","benchmark_only|matched_via_onet_soc_and_task_id"
"occ_27_3023_00","22647","T2","2","","","src_openai_gpts_are_gpts_2023","benchmark_only|matched_via_onet_soc_and_task_id"
"occ_27_3023_00","22648","T3","3","","","src_openai_gpts_are_gpts_2023","benchmark_only|matched_via_onet_soc_and_task_id"
"occ_27_3023_00","22649","T2","2","","","src_openai_gpts_are_gpts_2023","benchmark_only|matched_via_onet_soc_and_task_id"
"occ_27_3023_00","22650","T3","3","","","src_openai_gpts_are_gpts_2023","benchmark_only|matched_via_onet_soc_and_task_id"
"occ_27_3023_00","22651","T2","2","","","src_openai_gpts_are_gpts_2023","benchmark_only|matched_via_onet_soc_and_task_id"
"occ_27_3023_00","22652","T3","3","","","src_openai_gpts_are_gpts_2023","benchmark_only|matched_via_onet_soc_and_task_id"
"occ_27_3031_00","1764","T2","2","","","src_openai_gpts_are_gpts_2023","benchmark_only|matched_via_onet_soc_and_task_id"
"occ_27_3031_00","1765","T1","1","","","src_openai_gpts_are_gpts_2023","benchmark_only|matched_via_onet_soc_and_task_id"
"occ_27_3031_00","1767","T2","2","","","src_openai_gpts_are_gpts_2023","benchmark_only|matched_via_onet_soc_and_task_id"
"occ_27_3031_00","1768","T2","2","","","src_openai_gpts_are_gpts_2023","benchmark_only|matched_via_onet_soc_and_task_id"
"occ_27_3031_00","1769","T2","2","","","src_openai_gpts_are_gpts_2023","benchmark_only|matched_via_onet_soc_and_task_id"
"occ_27_3031_00","1770","T1","1","","","src_openai_gpts_are_gpts_2023","benchmark_only|matched_via_onet_soc_and_task_id"
"occ_27_3031_00","1771","T2","2","","","src_openai_gpts_are_gpts_2023","benchmark_only|matched_via_onet_soc_and_task_id"
"occ_27_3031_00","1772","T2","2","","","src_openai_gpts_are_gpts_2023","benchmark_only|matched_via_onet_soc_and_task_id"
"occ_27_3031_00","1773","T2","2","","","src_openai_gpts_are_gpts_2023","benchmark_only|matched_via_onet_soc_and_task_id"
"occ_27_3031_00","1774","T3","3","","","src_openai_gpts_are_gpts_2023","benchmark_only|matched_via_onet_soc_and_task_id"
"occ_27_3031_00","1775","T2","2","","","src_openai_gpts_are_gpts_2023","benchmark_only|matched_via_onet_soc_and_task_id"
"occ_27_3031_00","19809","T2","2","","","src_openai_gpts_are_gpts_2023","benchmark_only|matched_via_onet_soc_and_task_id"
"occ_27_3031_00","19810","T2","2","","","src_openai_gpts_are_gpts_2023","benchmark_only|matched_via_onet_soc_and_task_id"
"occ_27_3031_00","19811","T2","2","","","src_openai_gpts_are_gpts_2023","benchmark_only|matched_via_onet_soc_and_task_id"
"occ_27_3031_00","20554","T3","3","","","src_openai_gpts_are_gpts_2023","benchmark_only|matched_via_onet_soc_and_task_id"
"occ_27_3031_00","20555","T2","2","","","src_openai_gpts_are_gpts_2023","benchmark_only|matched_via_onet_soc_and_task_id"
"occ_27_3031_00","20557","T2","2","","","src_openai_gpts_are_gpts_2023","benchmark_only|matched_via_onet_soc_and_task_id"
"occ_27_3031_00","23951","T2","2","","","src_openai_gpts_are_gpts_2023","benchmark_only|matched_via_onet_soc_and_task_id"
"occ_27_3041_00","1776","T2","2","","","src_openai_gpts_are_gpts_2023","benchmark_only|matched_via_onet_soc_and_task_id"
"occ_27_3041_00","1777","T3","3","","","src_openai_gpts_are_gpts_2023","benchmark_only|matched_via_onet_soc_and_task_id"
"occ_27_3041_00","1778","T3","3","","","src_openai_gpts_are_gpts_2023","benchmark_only|matched_via_onet_soc_and_task_id"
"occ_27_3041_00","1779","T2","2","","","src_openai_gpts_are_gpts_2023","benchmark_only|matched_via_onet_soc_and_task_id"
"occ_27_3041_00","1780","T3","3","","","src_openai_gpts_are_gpts_2023","benchmark_only|matched_via_onet_soc_and_task_id"
"occ_27_3041_00","1781","T3","3","","","src_openai_gpts_are_gpts_2023","benchmark_only|matched_via_onet_soc_and_task_id"
"occ_27_3041_00","1782","T2","2","","","src_openai_gpts_are_gpts_2023","benchmark_only|matched_via_onet_soc_and_task_id"
"occ_27_3041_00","1783","T2","2","","","src_openai_gpts_are_gpts_2023","benchmark_only|matched_via_onet_soc_and_task_id"
"occ_27_3041_00","1784","T1","1","","","src_openai_gpts_are_gpts_2023","benchmark_only|matched_via_onet_soc_and_task_id"
"occ_27_3041_00","1785","T2","2","","","src_openai_gpts_are_gpts_2023","benchmark_only|matched_via_onet_soc_and_task_id"
"occ_27_3041_00","1786","T2","2","","","src_openai_gpts_are_gpts_2023","benchmark_only|matched_via_onet_soc_and_task_id"
"occ_27_3041_00","1787","T2","2","","","src_openai_gpts_are_gpts_2023","benchmark_only|matched_via_onet_soc_and_task_id"
"occ_27_3041_00","1788","T1","1","","","src_openai_gpts_are_gpts_2023","benchmark_only|matched_via_onet_soc_and_task_id"
"occ_27_3041_00","1789","T1","1","","","src_openai_gpts_are_gpts_2023","benchmark_only|matched_via_onet_soc_and_task_id"
"occ_27_3041_00","1790","T3","3","","","src_openai_gpts_are_gpts_2023","benchmark_only|matched_via_onet_soc_and_task_id"
"occ_27_3041_00","1791","T3","3","","","src_openai_gpts_are_gpts_2023","benchmark_only|matched_via_onet_soc_and_task_id"
"occ_27_3041_00","1792","T1","1","","","src_openai_gpts_are_gpts_2023","benchmark_only|matched_via_onet_soc_and_task_id"
"occ_27_3041_00","1793","T1","1","","","src_openai_gpts_are_gpts_2023","benchmark_only|matched_via_onet_soc_and_task_id"
"occ_27_3041_00","1794","T3","3","","","src_openai_gpts_are_gpts_2023","benchmark_only|matched_via_onet_soc_and_task_id"
"occ_27_3041_00","1795","T3","3","","","src_openai_gpts_are_gpts_2023","benchmark_only|matched_via_onet_soc_and_task_id"
"occ_27_3041_00","21000","T3","3","","","src_openai_gpts_are_gpts_2023","benchmark_only|matched_via_onet_soc_and_task_id"
"occ_27_3042_00","20243","T3","3","","","src_openai_gpts_are_gpts_2023","benchmark_only|matched_via_onet_soc_and_task_id"
"occ_27_3042_00","3966","T3","3","","","src_openai_gpts_are_gpts_2023","benchmark_only|matched_via_onet_soc_and_task_id"
"occ_27_3042_00","3967","T3","3","","","src_openai_gpts_are_gpts_2023","benchmark_only|matched_via_onet_soc_and_task_id"
"occ_27_3042_00","3968","T3","3","","","src_openai_gpts_are_gpts_2023","benchmark_only|matched_via_onet_soc_and_task_id"
"occ_27_3042_00","3969","T1","1","","","src_openai_gpts_are_gpts_2023","benchmark_only|matched_via_onet_soc_and_task_id"
"occ_27_3042_00","3970","T2","2","","","src_openai_gpts_are_gpts_2023","benchmark_only|matched_via_onet_soc_and_task_id"
"occ_27_3042_00","3971","T3","3","","","src_openai_gpts_are_gpts_2023","benchmark_only|matched_via_onet_soc_and_task_id"
"occ_27_3042_00","3972","T2","2","","","src_openai_gpts_are_gpts_2023","benchmark_only|matched_via_onet_soc_and_task_id"
"occ_27_3042_00","3973","T2","2","","","src_openai_gpts_are_gpts_2023","benchmark_only|matched_via_onet_soc_and_task_id"
"occ_27_3042_00","3974","T1","1","","","src_openai_gpts_are_gpts_2023","benchmark_only|matched_via_onet_soc_and_task_id"
"occ_27_3042_00","3975","T4","4","","","src_openai_gpts_are_gpts_2023","benchmark_only|matched_via_onet_soc_and_task_id"
"occ_27_3042_00","3976","T3","3","","","src_openai_gpts_are_gpts_2023","benchmark_only|matched_via_onet_soc_and_task_id"
"occ_27_3042_00","3977","T2","2","","","src_openai_gpts_are_gpts_2023","benchmark_only|matched_via_onet_soc_and_task_id"
"occ_27_3042_00","3978","T2","2","","","src_openai_gpts_are_gpts_2023","benchmark_only|matched_via_onet_soc_and_task_id"
"occ_27_3042_00","3979","T3","3","","","src_openai_gpts_are_gpts_2023","benchmark_only|matched_via_onet_soc_and_task_id"
"occ_27_3043_00","22653","T2","2","","","src_openai_gpts_are_gpts_2023","benchmark_only|matched_via_onet_soc_and_task_id"
"occ_27_3043_00","22654","T2","2","","","src_openai_gpts_are_gpts_2023","benchmark_only|matched_via_onet_soc_and_task_id"
"occ_27_3043_00","22655","T2","2","","","src_openai_gpts_are_gpts_2023","benchmark_only|matched_via_onet_soc_and_task_id"
"occ_27_3043_00","22656","T2","2","","","src_openai_gpts_are_gpts_2023","benchmark_only|matched_via_onet_soc_and_task_id"
"occ_27_3043_00","22657","T3","3","","","src_openai_gpts_are_gpts_2023","benchmark_only|matched_via_onet_soc_and_task_id"
"occ_27_3043_00","22658","T2","2","","","src_openai_gpts_are_gpts_2023","benchmark_only|matched_via_onet_soc_and_task_id"
"occ_27_3043_00","22659","T3","3","","","src_openai_gpts_are_gpts_2023","benchmark_only|matched_via_onet_soc_and_task_id"
"occ_27_3043_00","22660","T2","2","","","src_openai_gpts_are_gpts_2023","benchmark_only|matched_via_onet_soc_and_task_id"
"occ_27_3043_00","22661","T2","2","","","src_openai_gpts_are_gpts_2023","benchmark_only|matched_via_onet_soc_and_task_id"
"occ_27_3043_00","22662","T2","2","","","src_openai_gpts_are_gpts_2023","benchmark_only|matched_via_onet_soc_and_task_id"
"occ_27_3043_00","22663","T2","2","","","src_openai_gpts_are_gpts_2023","benchmark_only|matched_via_onet_soc_and_task_id"
"occ_27_3043_00","22664","T2","2","","","src_openai_gpts_are_gpts_2023","benchmark_only|matched_via_onet_soc_and_task_id"
"occ_27_3043_00","22665","T3","3","","","src_openai_gpts_are_gpts_2023","benchmark_only|matched_via_onet_soc_and_task_id"
"occ_27_3043_00","22666","T2","2","","","src_openai_gpts_are_gpts_2023","benchmark_only|matched_via_onet_soc_and_task_id"
"occ_27_3043_00","22667","T2","2","","","src_openai_gpts_are_gpts_2023","benchmark_only|matched_via_onet_soc_and_task_id"
"occ_27_3043_00","22668","T2","2","","","src_openai_gpts_are_gpts_2023","benchmark_only|matched_via_onet_soc_and_task_id"
"occ_27_3043_00","22669","T2","2","","","src_openai_gpts_are_gpts_2023","benchmark_only|matched_via_onet_soc_and_task_id"
"occ_27_3043_00","22670","T3","3","","","src_openai_gpts_are_gpts_2023","benchmark_only|matched_via_onet_soc_and_task_id"
"occ_27_3043_00","22671","T3","3","","","src_openai_gpts_are_gpts_2023","benchmark_only|matched_via_onet_soc_and_task_id"
"occ_27_3043_00","22672","T2","2","","","src_openai_gpts_are_gpts_2023","benchmark_only|matched_via_onet_soc_and_task_id"
"occ_41_3011_00","4579","T2","2","","","src_openai_gpts_are_gpts_2023","benchmark_only|matched_via_onet_soc_and_task_id"
"occ_41_3011_00","4580","T2","2","","","src_openai_gpts_are_gpts_2023","benchmark_only|matched_via_onet_soc_and_task_id"
"occ_41_3011_00","4581","T2","2","","","src_openai_gpts_are_gpts_2023","benchmark_only|matched_via_onet_soc_and_task_id"
"occ_41_3011_00","4582","T3","3","","","src_openai_gpts_are_gpts_2023","benchmark_only|matched_via_onet_soc_and_task_id"
"occ_41_3011_00","4583","T3","3","","","src_openai_gpts_are_gpts_2023","benchmark_only|matched_via_onet_soc_and_task_id"
"occ_41_3011_00","4584","T2","2","","","src_openai_gpts_are_gpts_2023","benchmark_only|matched_via_onet_soc_and_task_id"
"occ_41_3011_00","4585","T2","2","","","src_openai_gpts_are_gpts_2023","benchmark_only|matched_via_onet_soc_and_task_id"
"occ_41_3011_00","4586","T3","3","","","src_openai_gpts_are_gpts_2023","benchmark_only|matched_via_onet_soc_and_task_id"
"occ_41_3011_00","4587","T2","2","","","src_openai_gpts_are_gpts_2023","benchmark_only|matched_via_onet_soc_and_task_id"
"occ_41_3011_00","4588","T2","2","","","src_openai_gpts_are_gpts_2023","benchmark_only|matched_via_onet_soc_and_task_id"
"occ_41_3011_00","4589","T2","2","","","src_openai_gpts_are_gpts_2023","benchmark_only|matched_via_onet_soc_and_task_id"
"occ_41_3011_00","4590","T2","2","","","src_openai_gpts_are_gpts_2023","benchmark_only|matched_via_onet_soc_and_task_id"
"occ_41_3011_00","4591","T2","2","","","src_openai_gpts_are_gpts_2023","benchmark_only|matched_via_onet_soc_and_task_id"
"occ_41_3011_00","4592","T2","2","","","src_openai_gpts_are_gpts_2023","benchmark_only|matched_via_onet_soc_and_task_id"
"occ_41_3011_00","4593","T2","2","","","src_openai_gpts_are_gpts_2023","benchmark_only|matched_via_onet_soc_and_task_id"
"occ_41_3011_00","4594","T3","3","","","src_openai_gpts_are_gpts_2023","benchmark_only|matched_via_onet_soc_and_task_id"
"occ_41_3011_00","4595","T1","1","","","src_openai_gpts_are_gpts_2023","benchmark_only|matched_via_onet_soc_and_task_id"
"occ_41_3011_00","4596","T2","2","","","src_openai_gpts_are_gpts_2023","benchmark_only|matched_via_onet_soc_and_task_id"
"occ_41_3011_00","4597","T1","1","","","src_openai_gpts_are_gpts_2023","benchmark_only|matched_via_onet_soc_and_task_id"
"occ_41_3011_00","4598","T3","3","","","src_openai_gpts_are_gpts_2023","benchmark_only|matched_via_onet_soc_and_task_id"
"occ_41_3091_00","23222","T3","3","","","src_openai_gpts_are_gpts_2023","benchmark_only|matched_via_onet_soc_and_task_id"
"occ_41_3091_00","23223","T2","2","","","src_openai_gpts_are_gpts_2023","benchmark_only|matched_via_onet_soc_and_task_id"
"occ_41_3091_00","23224","T3","3","","","src_openai_gpts_are_gpts_2023","benchmark_only|matched_via_onet_soc_and_task_id"
"occ_41_3091_00","23225","T1","1","","","src_openai_gpts_are_gpts_2023","benchmark_only|matched_via_onet_soc_and_task_id"
"occ_41_3091_00","23226","T2","2","","","src_openai_gpts_are_gpts_2023","benchmark_only|matched_via_onet_soc_and_task_id"
"occ_41_3091_00","23227","T3","3","","","src_openai_gpts_are_gpts_2023","benchmark_only|matched_via_onet_soc_and_task_id"
"occ_41_3091_00","23228","T2","2","","","src_openai_gpts_are_gpts_2023","benchmark_only|matched_via_onet_soc_and_task_id"
"occ_41_3091_00","23229","T0","0","","","src_openai_gpts_are_gpts_2023","benchmark_only|matched_via_onet_soc_and_task_id"
"occ_41_3091_00","23230","T2","2","","","src_openai_gpts_are_gpts_2023","benchmark_only|matched_via_onet_soc_and_task_id"
"occ_41_3091_00","23231","T2","2","","","src_openai_gpts_are_gpts_2023","benchmark_only|matched_via_onet_soc_and_task_id"
"occ_41_3091_00","23232","T2","2","","","src_openai_gpts_are_gpts_2023","benchmark_only|matched_via_onet_soc_and_task_id"
"occ_41_3091_00","23233","T3","3","","","src_openai_gpts_are_gpts_2023","benchmark_only|matched_via_onet_soc_and_task_id"
"occ_41_3091_00","23234","T2","2","","","src_openai_gpts_are_gpts_2023","benchmark_only|matched_via_onet_soc_and_task_id"
"occ_41_3091_00","23235","T2","2","","","src_openai_gpts_are_gpts_2023","benchmark_only|matched_via_onet_soc_and_task_id"
"occ_41_3091_00","23236","T3","3","","","src_openai_gpts_are_gpts_2023","benchmark_only|matched_via_onet_soc_and_task_id"
"occ_43_3031_00","18561","T3","3","","","src_openai_gpts_are_gpts_2023","benchmark_only|matched_via_onet_soc_and_task_id"
"occ_43_3031_00","2486","T3","3","","","src_openai_gpts_are_gpts_2023","benchmark_only|matched_via_onet_soc_and_task_id"
"occ_43_3031_00","2487","T3","3","","","src_openai_gpts_are_gpts_2023","benchmark_only|matched_via_onet_soc_and_task_id"
"occ_43_3031_00","2488","T2","2","","","src_openai_gpts_are_gpts_2023","benchmark_only|matched_via_onet_soc_and_task_id"
"occ_43_3031_00","2489","T3","3","","","src_openai_gpts_are_gpts_2023","benchmark_only|matched_via_onet_soc_and_task_id"
"occ_43_3031_00","2490","T3","3","","","src_openai_gpts_are_gpts_2023","benchmark_only|matched_via_onet_soc_and_task_id"
"occ_43_3031_00","2491","T3","3","","","src_openai_gpts_are_gpts_2023","benchmark_only|matched_via_onet_soc_and_task_id"
"occ_43_3031_00","2492","T3","3","","","src_openai_gpts_are_gpts_2023","benchmark_only|matched_via_onet_soc_and_task_id"
"occ_43_3031_00","2493","T3","3","","","src_openai_gpts_are_gpts_2023","benchmark_only|matched_via_onet_soc_and_task_id"
"occ_43_3031_00","2494","T3","3","","","src_openai_gpts_are_gpts_2023","benchmark_only|matched_via_onet_soc_and_task_id"
"occ_43_3031_00","2495","T3","3","","","src_openai_gpts_are_gpts_2023","benchmark_only|matched_via_onet_soc_and_task_id"
"occ_43_3031_00","2496","T3","3","","","src_openai_gpts_are_gpts_2023","benchmark_only|matched_via_onet_soc_and_task_id"
"occ_43_3031_00","2497","T4","4","","","src_openai_gpts_are_gpts_2023","benchmark_only|matched_via_onet_soc_and_task_id"
"occ_43_3031_00","2498","T2","2","","","src_openai_gpts_are_gpts_2023","benchmark_only|matched_via_onet_soc_and_task_id"
"occ_43_3031_00","2499","T3","3","","","src_openai_gpts_are_gpts_2023","benchmark_only|matched_via_onet_soc_and_task_id"
"occ_43_3031_00","2500","T3","3","","","src_openai_gpts_are_gpts_2023","benchmark_only|matched_via_onet_soc_and_task_id"
"occ_43_3031_00","2501","T3","3","","","src_openai_gpts_are_gpts_2023","benchmark_only|matched_via_onet_soc_and_task_id"
"occ_43_3031_00","2502","T3","3","","","src_openai_gpts_are_gpts_2023","benchmark_only|matched_via_onet_soc_and_task_id"
"occ_43_3031_00","2503","T3","3","","","src_openai_gpts_are_gpts_2023","benchmark_only|matched_via_onet_soc_and_task_id"
"occ_43_3031_00","2504","T3","3","","","src_openai_gpts_are_gpts_2023","benchmark_only|matched_via_onet_soc_and_task_id"
"occ_43_3031_00","2505","T3","3","","","src_openai_gpts_are_gpts_2023","benchmark_only|matched_via_onet_soc_and_task_id"
"occ_43_3031_00","2506","T3","3","","","src_openai_gpts_are_gpts_2023","benchmark_only|matched_via_onet_soc_and_task_id"
"occ_43_3031_00","2507","T3","3","","","src_openai_gpts_are_gpts_2023","benchmark_only|matched_via_onet_soc_and_task_id"
"occ_43_3031_00","2508","T3","3","","","src_openai_gpts_are_gpts_2023","benchmark_only|matched_via_onet_soc_and_task_id"
"occ_43_3031_00","2509","T3","3","","","src_openai_gpts_are_gpts_2023","benchmark_only|matched_via_onet_soc_and_task_id"
"occ_43_3031_00","2510","T3","3","","","src_openai_gpts_are_gpts_2023","benchmark_only|matched_via_onet_soc_and_task_id"
"occ_43_3031_00","2511","T3","3","","","src_openai_gpts_are_gpts_2023","benchmark_only|matched_via_onet_soc_and_task_id"
"occ_43_3031_00","2514","T3","3","","","src_openai_gpts_are_gpts_2023","benchmark_only|matched_via_onet_soc_and_task_id"
"occ_43_4051_00","18565","T2","2","","","src_openai_gpts_are_gpts_2023","benchmark_only|matched_via_onet_soc_and_task_id"
"occ_43_4051_00","2578","T3","3","","","src_openai_gpts_are_gpts_2023","benchmark_only|matched_via_onet_soc_and_task_id"
"occ_43_4051_00","2579","T2","2","","","src_openai_gpts_are_gpts_2023","benchmark_only|matched_via_onet_soc_and_task_id"
"occ_43_4051_00","2580","T2","2","","","src_openai_gpts_are_gpts_2023","benchmark_only|matched_via_onet_soc_and_task_id"
"occ_43_4051_00","2581","T3","3","","","src_openai_gpts_are_gpts_2023","benchmark_only|matched_via_onet_soc_and_task_id"
"occ_43_4051_00","2582","T3","3","","","src_openai_gpts_are_gpts_2023","benchmark_only|matched_via_onet_soc_and_task_id"
"occ_43_4051_00","2583","T3","3","","","src_openai_gpts_are_gpts_2023","benchmark_only|matched_via_onet_soc_and_task_id"
"occ_43_4051_00","2584","T3","3","","","src_openai_gpts_are_gpts_2023","benchmark_only|matched_via_onet_soc_and_task_id"
"occ_43_4051_00","2585","T2","2","","","src_openai_gpts_are_gpts_2023","benchmark_only|matched_via_onet_soc_and_task_id"
"occ_43_4051_00","2586","T2","2","","","src_openai_gpts_are_gpts_2023","benchmark_only|matched_via_onet_soc_and_task_id"
"occ_43_4051_00","2587","T3","3","","","src_openai_gpts_are_gpts_2023","benchmark_only|matched_via_onet_soc_and_task_id"
"occ_43_4051_00","2589","T3","3","","","src_openai_gpts_are_gpts_2023","benchmark_only|matched_via_onet_soc_and_task_id"
"occ_43_4051_00","2591","T2","2","","","src_openai_gpts_are_gpts_2023","benchmark_only|matched_via_onet_soc_and_task_id"
"occ_43_6011_00","18573","T3","3","","","src_openai_gpts_are_gpts_2023","benchmark_only|matched_via_onet_soc_and_task_id"
"occ_43_6011_00","18574","T2","2","","","src_openai_gpts_are_gpts_2023","benchmark_only|matched_via_onet_soc_and_task_id"
"occ_43_6011_00","18575","T2","2","","","src_openai_gpts_are_gpts_2023","benchmark_only|matched_via_onet_soc_and_task_id"
"occ_43_6011_00","18576","T2","2","","","src_openai_gpts_are_gpts_2023","benchmark_only|matched_via_onet_soc_and_task_id"
"occ_43_6011_00","18577","T2","2","","","src_openai_gpts_are_gpts_2023","benchmark_only|matched_via_onet_soc_and_task_id"
"occ_43_6011_00","18578","T3","3","","","src_openai_gpts_are_gpts_2023","benchmark_only|matched_via_onet_soc_and_task_id"
"occ_43_6011_00","18579","T2","2","","","src_openai_gpts_are_gpts_2023","benchmark_only|matched_via_onet_soc_and_task_id"
"occ_43_6011_00","2770","T2","2","","","src_openai_gpts_are_gpts_2023","benchmark_only|matched_via_onet_soc_and_task_id"
"occ_43_6011_00","2771","T2","2","","","src_openai_gpts_are_gpts_2023","benchmark_only|matched_via_onet_soc_and_task_id"
"occ_43_6011_00","2772","T2","2","","","src_openai_gpts_are_gpts_2023","benchmark_only|matched_via_onet_soc_and_task_id"
"occ_43_6011_00","2773","T3","3","","","src_openai_gpts_are_gpts_2023","benchmark_only|matched_via_onet_soc_and_task_id"
"occ_43_6011_00","2774","T3","3","","","src_openai_gpts_are_gpts_2023","benchmark_only|matched_via_onet_soc_and_task_id"
"occ_43_6011_00","2775","T2","2","","","src_openai_gpts_are_gpts_2023","benchmark_only|matched_via_onet_soc_and_task_id"
"occ_43_6011_00","2776","T3","3","","","src_openai_gpts_are_gpts_2023","benchmark_only|matched_via_onet_soc_and_task_id"
"occ_43_6011_00","2779","T3","3","","","src_openai_gpts_are_gpts_2023","benchmark_only|matched_via_onet_soc_and_task_id"
"occ_43_6011_00","2780","T2","2","","","src_openai_gpts_are_gpts_2023","benchmark_only|matched_via_onet_soc_and_task_id"
"occ_43_6011_00","2781","T3","3","","","src_openai_gpts_are_gpts_2023","benchmark_only|matched_via_onet_soc_and_task_id"
"occ_43_6011_00","2782","T3","3","","","src_openai_gpts_are_gpts_2023","benchmark_only|matched_via_onet_soc_and_task_id"
"occ_43_6011_00","2784","T1","1","","","src_openai_gpts_are_gpts_2023","benchmark_only|matched_via_onet_soc_and_task_id"
"occ_43_6011_00","2785","T2","2","","","src_openai_gpts_are_gpts_2023","benchmark_only|matched_via_onet_soc_and_task_id"
"occ_43_6011_00","2787","T2","2","","","src_openai_gpts_are_gpts_2023","benchmark_only|matched_via_onet_soc_and_task_id"
"occ_43_6011_00","2788","T2","2","","","src_openai_gpts_are_gpts_2023","benchmark_only|matched_via_onet_soc_and_task_id"
"occ_43_6014_00","20280","T2","2","","","src_openai_gpts_are_gpts_2023","benchmark_only|matched_via_onet_soc_and_task_id"
"occ_43_6014_00","20281","T3","3","","","src_openai_gpts_are_gpts_2023","benchmark_only|matched_via_onet_soc_and_task_id"
"occ_43_6014_00","20282","T2","2","","","src_openai_gpts_are_gpts_2023","benchmark_only|matched_via_onet_soc_and_task_id"
"occ_43_6014_00","20283","T1","1","","","src_openai_gpts_are_gpts_2023","benchmark_only|matched_via_onet_soc_and_task_id"
"occ_43_6014_00","20284","T3","3","","","src_openai_gpts_are_gpts_2023","benchmark_only|matched_via_onet_soc_and_task_id"
"occ_43_6014_00","20285","T3","3","","","src_openai_gpts_are_gpts_2023","benchmark_only|matched_via_onet_soc_and_task_id"
"occ_43_6014_00","20286","T3","3","","","src_openai_gpts_are_gpts_2023","benchmark_only|matched_via_onet_soc_and_task_id"
"occ_43_6014_00","20287","T2","2","","","src_openai_gpts_are_gpts_2023","benchmark_only|matched_via_onet_soc_and_task_id"
"occ_43_6014_00","20288","T2","2","","","src_openai_gpts_are_gpts_2023","benchmark_only|matched_via_onet_soc_and_task_id"
"occ_43_6014_00","20289","T2","2","","","src_openai_gpts_are_gpts_2023","benchmark_only|matched_via_onet_soc_and_task_id"
"occ_43_6014_00","20290","T2","2","","","src_openai_gpts_are_gpts_2023","benchmark_only|matched_via_onet_soc_and_task_id"
"occ_43_6014_00","2790","T3","3","","","src_openai_gpts_are_gpts_2023","benchmark_only|matched_via_onet_soc_and_task_id"
"occ_43_6014_00","2791","T2","2","","","src_openai_gpts_are_gpts_2023","benchmark_only|matched_via_onet_soc_and_task_id"
"occ_43_6014_00","2793","T3","3","","","src_openai_gpts_are_gpts_2023","benchmark_only|matched_via_onet_soc_and_task_id"
"occ_43_6014_00","2794","T3","3","","","src_openai_gpts_are_gpts_2023","benchmark_only|matched_via_onet_soc_and_task_id"
"occ_43_6014_00","2795","T3","3","","","src_openai_gpts_are_gpts_2023","benchmark_only|matched_via_onet_soc_and_task_id"
"occ_43_6014_00","2796","T4","4","","","src_openai_gpts_are_gpts_2023","benchmark_only|matched_via_onet_soc_and_task_id"
"occ_43_6014_00","2797","T2","2","","","src_openai_gpts_are_gpts_2023","benchmark_only|matched_via_onet_soc_and_task_id"
"occ_43_6014_00","2799","T2","2","","","src_openai_gpts_are_gpts_2023","benchmark_only|matched_via_onet_soc_and_task_id"
"occ_43_6014_00","2800","T3","3","","","src_openai_gpts_are_gpts_2023","benchmark_only|matched_via_onet_soc_and_task_id"
"occ_43_6014_00","2801","T3","3","","","src_openai_gpts_are_gpts_2023","benchmark_only|matched_via_onet_soc_and_task_id"
"occ_43_6014_00","2802","T2","2","","","src_openai_gpts_are_gpts_2023","benchmark_only|matched_via_onet_soc_and_task_id"
"occ_43_6014_00","2803","T2","2","","","src_openai_gpts_are_gpts_2023","benchmark_only|matched_via_onet_soc_and_task_id"
"occ_43_6014_00","2804","T2","2","","","src_openai_gpts_are_gpts_2023","benchmark_only|matched_via_onet_soc_and_task_id"
"occ_43_6014_00","2805","T3","3","","","src_openai_gpts_are_gpts_2023","benchmark_only|matched_via_onet_soc_and_task_id"
"occ_43_6014_00","2806","T2","2","","","src_openai_gpts_are_gpts_2023","benchmark_only|matched_via_onet_soc_and_task_id"
"occ_43_6014_00","2808","T3","3","","","src_openai_gpts_are_gpts_2023","benchmark_only|matched_via_onet_soc_and_task_id"
"occ_43_6014_00","2809","T2","2","","","src_openai_gpts_are_gpts_2023","benchmark_only|matched_via_onet_soc_and_task_id"
"occ_43_6014_00","2812","T3","3","","","src_openai_gpts_are_gpts_2023","benchmark_only|matched_via_onet_soc_and_task_id"
"occ_43_6014_00","2813","T3","3","","","src_openai_gpts_are_gpts_2023","benchmark_only|matched_via_onet_soc_and_task_id"
"occ_43_6014_00","2814","T1","1","","","src_openai_gpts_are_gpts_2023","benchmark_only|matched_via_onet_soc_and_task_id"
"occ_43_9061_00","825","T2","2","","","src_openai_gpts_are_gpts_2023","benchmark_only|matched_via_onet_soc_and_task_id"
"occ_43_9061_00","826","T2","2","","","src_openai_gpts_are_gpts_2023","benchmark_only|matched_via_onet_soc_and_task_id"
"occ_43_9061_00","827","T3","3","","","src_openai_gpts_are_gpts_2023","benchmark_only|matched_via_onet_soc_and_task_id"
"occ_43_9061_00","828","T3","3","","","src_openai_gpts_are_gpts_2023","benchmark_only|matched_via_onet_soc_and_task_id"
"occ_43_9061_00","829","T3","3","","","src_openai_gpts_are_gpts_2023","benchmark_only|matched_via_onet_soc_and_task_id"
"occ_43_9061_00","830","T2","2","","","src_openai_gpts_are_gpts_2023","benchmark_only|matched_via_onet_soc_and_task_id"
"occ_43_9061_00","831","T3","3","","","src_openai_gpts_are_gpts_2023","benchmark_only|matched_via_onet_soc_and_task_id"
"occ_43_9061_00","832","T3","3","","","src_openai_gpts_are_gpts_2023","benchmark_only|matched_via_onet_soc_and_task_id"
"occ_43_9061_00","833","T2","2","","","src_openai_gpts_are_gpts_2023","benchmark_only|matched_via_onet_soc_and_task_id"
"occ_43_9061_00","834","T3","3","","","src_openai_gpts_are_gpts_2023","benchmark_only|matched_via_onet_soc_and_task_id"
"occ_43_9061_00","835","T0","0","","","src_openai_gpts_are_gpts_2023","benchmark_only|matched_via_onet_soc_and_task_id"
"occ_43_9061_00","836","T3","3","","","src_openai_gpts_are_gpts_2023","benchmark_only|matched_via_onet_soc_and_task_id"
"occ_43_9061_00","837","T3","3","","","src_openai_gpts_are_gpts_2023","benchmark_only|matched_via_onet_soc_and_task_id"
"occ_43_9061_00","838","T3","3","","","src_openai_gpts_are_gpts_2023","benchmark_only|matched_via_onet_soc_and_task_id"
"occ_43_9061_00","839","T2","2","","","src_openai_gpts_are_gpts_2023","benchmark_only|matched_via_onet_soc_and_task_id"
"occ_43_9061_00","840","T3","3","","","src_openai_gpts_are_gpts_2023","benchmark_only|matched_via_onet_soc_and_task_id"
"occ_43_9061_00","841","T0","0","","","src_openai_gpts_are_gpts_2023","benchmark_only|matched_via_onet_soc_and_task_id"
"occ_43_9061_00","842","T2","2","","","src_openai_gpts_are_gpts_2023","benchmark_only|matched_via_onet_soc_and_task_id"
"occ_43_9061_00","843","T2","2","","","src_openai_gpts_are_gpts_2023","benchmark_only|matched_via_onet_soc_and_task_id"
"occ_43_9061_00","844","T2","2","","","src_openai_gpts_are_gpts_2023","benchmark_only|matched_via_onet_soc_and_task_id"
"occ_43_9111_00","9788","T3","3","","","src_openai_gpts_are_gpts_2023","benchmark_only|matched_via_onet_soc_and_task_id"
"occ_43_9111_00","9789","T3","3","","","src_openai_gpts_are_gpts_2023","benchmark_only|matched_via_onet_soc_and_task_id"
"occ_43_9111_00","9790","T3","3","","","src_openai_gpts_are_gpts_2023","benchmark_only|matched_via_onet_soc_and_task_id"
"occ_43_9111_00","9791","T3","3","","","src_openai_gpts_are_gpts_2023","benchmark_only|matched_via_onet_soc_and_task_id"
"occ_43_9111_00","9792","T3","3","","","src_openai_gpts_are_gpts_2023","benchmark_only|matched_via_onet_soc_and_task_id"
"occ_43_9111_00","9793","T3","3","","","src_openai_gpts_are_gpts_2023","benchmark_only|matched_via_onet_soc_and_task_id"
"occ_43_9111_00","9794","T1","1","","","src_openai_gpts_are_gpts_2023","benchmark_only|matched_via_onet_soc_and_task_id"
"occ_43_9111_00","9795","T3","3","","","src_openai_gpts_are_gpts_2023","benchmark_only|matched_via_onet_soc_and_task_id"
"occ_43_9111_00","9796","T3","3","","","src_openai_gpts_are_gpts_2023","benchmark_only|matched_via_onet_soc_and_task_id"
"occ_43_9111_00","9797","T2","2","","","src_openai_gpts_are_gpts_2023","benchmark_only|matched_via_onet_soc_and_task_id"
"occ_43_9111_00","9798","T3","3","","","src_openai_gpts_are_gpts_2023","benchmark_only|matched_via_onet_soc_and_task_id"
"occ_43_9111_00","9799","T3","3","","","src_openai_gpts_are_gpts_2023","benchmark_only|matched_via_onet_soc_and_task_id"
"occ_43_9111_00","9800","T3","3","","","src_openai_gpts_are_gpts_2023","benchmark_only|matched_via_onet_soc_and_task_id"
"occ_43_9111_00","9801","T4","4","","","src_openai_gpts_are_gpts_2023","benchmark_only|matched_via_onet_soc_and_task_id"
