"occupation_id","task_cluster_id","exposure_score","augmentation_likelihood","partial_automation_likelihood","high_automation_likelihood","evidence_confidence","primary_sources","notes"
"occ_11_1021_00","cluster_client_interaction","0.09","0.20","0.10","0.02","0.49","src_anthropic_ei_2026_01_15|src_onet_30_1","anthropic_normalized|mode=release_2026_01_15"
"occ_11_1021_00","cluster_coordination","0.25","0.10","0.77","0.69","0.71","src_anthropic_ei_2026_01_15|src_onet_30_1","anthropic_normalized|mode=release_2026_01_15"
"occ_11_1021_00","cluster_decision_support","0.60","0.72","0.14","0.02","0.58","src_onet_30_1|src_internal_stub_2026_03","launch_stub_generated"
"occ_11_1021_00","cluster_documentation","0.70","0.58","0.32","0.20","0.50","src_onet_30_1|src_internal_stub_2026_03","launch_stub_generated"
"occ_11_1021_00","cluster_drafting","0.00","0.01","0.00","0.02","0.01","src_anthropic_ei_2026_01_15|src_onet_30_1","anthropic_normalized|mode=release_2026_01_15"
"occ_11_1021_00","cluster_oversight_strategy","0.52","0.68","0.06","0.02","0.54","src_onet_30_1|src_internal_stub_2026_03","launch_stub_generated"
"occ_11_1021_00","cluster_qa_review","0.00","0.01","0.01","0.02","0.02","src_anthropic_ei_2026_01_15|src_onet_30_1","anthropic_normalized|mode=release_2026_01_15"
"occ_11_1021_00","cluster_research_synthesis","0.72","0.62","0.28","0.16","0.50","src_onet_30_1|src_internal_stub_2026_03","launch_stub_generated"
"occ_13_1041_00","cluster_client_interaction","0.07","0.10","0.07","0.02","0.55","src_anthropic_ei_2026_01_15|src_onet_30_1","anthropic_normalized|mode=release_2026_01_15"
"occ_13_1041_00","cluster_coordination","0.55","0.66","0.25","0.13","0.56","src_onet_30_1|src_internal_stub_2026_03","launch_stub_generated"
"occ_13_1041_00","cluster_decision_support","0.00","0.00","0.01","0.02","0.01","src_anthropic_ei_2026_01_15|src_onet_30_1","anthropic_normalized|mode=release_2026_01_15"
"occ_13_1041_00","cluster_documentation","0.20","0.44","0.46","0.38","0.76","src_anthropic_ei_2026_01_15|src_onet_30_1","anthropic_normalized|mode=release_2026_01_15"
"occ_13_1041_00","cluster_execution_routine","0.23","0.61","0.44","0.36","0.74","src_anthropic_ei_2026_01_15|src_onet_30_1","anthropic_normalized|mode=release_2026_01_15"
"occ_13_1041_00","cluster_research_synthesis","0.25","0.10","0.67","0.59","0.64","src_anthropic_ei_2026_01_15|src_onet_30_1","anthropic_normalized|mode=release_2026_01_15"
"occ_13_1041_00","cluster_workflow_admin","0.71","0.52","0.49","0.37","0.55","src_onet_30_1|src_internal_stub_2026_03","launch_stub_generated"
"occ_13_1071_00","cluster_analysis","0.21","0.19","0.67","0.59","0.73","src_anthropic_ei_2026_01_15|src_onet_30_1","anthropic_normalized|mode=release_2026_01_15"
"occ_13_1071_00","cluster_client_interaction","0.49","0.59","0.09","0.02","0.50","src_onet_30_1|src_internal_stub_2026_03","launch_stub_generated"
"occ_13_1071_00","cluster_coordination","0.01","0.00","0.00","0.02","0.12","src_anthropic_ei_2025_03_27|src_onet_30_1","anthropic_normalized"
"occ_13_1071_00","cluster_decision_support","0.01","0.01","0.01","0.02","0.02","src_anthropic_ei_2026_01_15|src_onet_30_1","anthropic_normalized|mode=release_2026_01_15"
"occ_13_1071_00","cluster_documentation","0.24","0.62","0.11","0.03","0.71","src_anthropic_ei_2026_01_15|src_onet_30_1","anthropic_normalized|mode=release_2026_01_15"
"occ_13_1071_00","cluster_qa_review","0.18","0.18","0.57","0.49","0.68","src_anthropic_ei_2026_01_15|src_onet_30_1","anthropic_normalized|mode=release_2026_01_15"
"occ_13_1071_00","cluster_relationship_management","0.20","0.17","0.27","0.19","0.64","src_anthropic_ei_2026_01_15|src_onet_30_1","anthropic_normalized|mode=release_2026_01_15"
"occ_13_1071_00","cluster_workflow_admin","0.69","0.47","0.37","0.25","0.55","src_onet_30_1|src_internal_stub_2026_03","launch_stub_generated"
"occ_13_1081_00","cluster_analysis","0.10","0.10","0.12","0.04","0.50","src_anthropic_ei_2026_01_15|src_onet_30_1","anthropic_normalized|mode=release_2026_01_15"
"occ_13_1081_00","cluster_client_interaction","0.00","0.00","0.00","0.02","0.01","src_anthropic_ei_2026_01_15|src_onet_30_1","anthropic_normalized|mode=release_2026_01_15"
"occ_13_1081_00","cluster_coordination","0.06","0.19","0.47","0.39","0.58","src_anthropic_ei_2026_01_15|src_onet_30_1","anthropic_normalized|mode=release_2026_01_15"
"occ_13_1081_00","cluster_decision_support","0.57","0.68","0.27","0.15","0.48","src_onet_30_1|src_internal_stub_2026_03","launch_stub_generated"
"occ_13_1081_00","cluster_documentation","0.23","0.10","0.10","0.02","0.63","src_anthropic_ei_2026_01_15|src_onet_30_1","anthropic_normalized|mode=release_2026_01_15"
"occ_13_1081_00","cluster_drafting","0.23","0.58","0.24","0.16","0.71","src_anthropic_ei_2026_01_15|src_onet_30_1","anthropic_normalized|mode=release_2026_01_15"
"occ_13_1081_00","cluster_execution_routine","0.01","0.00","0.00","0.02","0.20","src_anthropic_ei_2025_03_27|src_onet_30_1","anthropic_normalized"
"occ_13_1081_00","cluster_workflow_admin","0.71","0.52","0.49","0.37","0.55","src_onet_30_1|src_internal_stub_2026_03","launch_stub_generated"
"occ_13_1082_00","cluster_client_interaction","0.54","0.68","0.08","0.02","0.53","src_onet_30_1|src_internal_stub_2026_03","launch_stub_generated"
"occ_13_1082_00","cluster_coordination","0.58","0.70","0.12","0.02","0.57","src_onet_30_1|src_internal_stub_2026_03","launch_stub_generated"
"occ_13_1082_00","cluster_decision_support","0.60","0.72","0.14","0.02","0.58","src_onet_30_1|src_internal_stub_2026_03","launch_stub_generated"
"occ_13_1082_00","cluster_documentation","0.20","0.19","0.11","0.03","0.62","src_anthropic_ei_2026_01_15|src_onet_30_1","anthropic_normalized|mode=release_2026_01_15"
"occ_13_1082_00","cluster_oversight_strategy","0.52","0.68","0.06","0.02","0.54","src_onet_30_1|src_internal_stub_2026_03","launch_stub_generated"
"occ_13_1082_00","cluster_qa_review","0.24","0.18","0.74","0.66","0.71","src_anthropic_ei_2026_01_15|src_onet_30_1","anthropic_normalized|mode=release_2026_01_15"
"occ_13_1082_00","cluster_relationship_management","0.24","0.10","0.65","0.57","0.70","src_anthropic_ei_2026_01_15|src_onet_30_1","anthropic_normalized|mode=release_2026_01_15"
"occ_13_1082_00","cluster_research_synthesis","0.72","0.62","0.28","0.16","0.50","src_onet_30_1|src_internal_stub_2026_03","launch_stub_generated"
"occ_13_1111_00","cluster_analysis","0.21","0.52","0.12","0.04","0.65","src_anthropic_ei_2026_01_15|src_onet_30_1","anthropic_normalized|mode=release_2026_01_15"
"occ_13_1111_00","cluster_client_interaction","0.58","0.72","0.15","0.03","0.54","src_onet_30_1|src_internal_stub_2026_03","launch_stub_generated"
"occ_13_1111_00","cluster_coordination","0.20","0.17","0.74","0.66","0.69","src_anthropic_ei_2026_01_15|src_onet_30_1","anthropic_normalized|mode=release_2026_01_15"
"occ_13_1111_00","cluster_decision_support","0.21","0.20","0.14","0.06","0.64","src_anthropic_ei_2026_01_15|src_onet_30_1","anthropic_normalized|mode=release_2026_01_15"
"occ_13_1111_00","cluster_documentation","0.74","0.62","0.39","0.27","0.50","src_onet_30_1|src_internal_stub_2026_03","launch_stub_generated"
"occ_13_1111_00","cluster_oversight_strategy","0.01","0.00","0.00","0.02","0.19","src_anthropic_ei_2025_03_27|src_onet_30_1","anthropic_normalized"
"occ_13_1151_00","cluster_analysis","0.00","0.00","0.00","0.02","0.01","src_anthropic_ei_2026_01_15|src_onet_30_1","anthropic_normalized|mode=release_2026_01_15"
"occ_13_1151_00","cluster_client_interaction","0.22","0.19","0.53","0.45","0.73","src_anthropic_ei_2026_01_15|src_onet_30_1","anthropic_normalized|mode=release_2026_01_15"
"occ_13_1151_00","cluster_coordination","0.53","0.61","0.13","0.02","0.55","src_onet_30_1|src_internal_stub_2026_03","launch_stub_generated"
"occ_13_1151_00","cluster_decision_support","0.55","0.63","0.15","0.03","0.48","src_onet_30_1|src_internal_stub_2026_03","launch_stub_generated"
"occ_13_1151_00","cluster_documentation","0.01","0.00","0.00","0.02","0.12","src_anthropic_ei_2025_03_27|src_onet_30_1","anthropic_normalized"
"occ_13_1151_00","cluster_drafting","0.00","0.01","0.00","0.02","0.01","src_anthropic_ei_2026_01_15|src_onet_30_1","anthropic_normalized|mode=release_2026_01_15"
"occ_13_1151_00","cluster_qa_review","0.59","0.61","0.26","0.14","0.47","src_onet_30_1|src_internal_stub_2026_03","launch_stub_generated"
"occ_13_1151_00","cluster_relationship_management","0.23","0.10","0.69","0.61","0.71","src_anthropic_ei_2026_01_15|src_onet_30_1","anthropic_normalized|mode=release_2026_01_15"
"occ_13_1151_00","cluster_workflow_admin","0.69","0.47","0.37","0.25","0.55","src_onet_30_1|src_internal_stub_2026_03","launch_stub_generated"
"occ_13_1161_00","cluster_analysis","0.19","0.49","0.47","0.39","0.72","src_anthropic_ei_2026_01_15|src_onet_30_1","anthropic_normalized|mode=release_2026_01_15"
"occ_13_1161_00","cluster_client_interaction","0.60","0.70","0.19","0.07","0.53","src_onet_30_1|src_internal_stub_2026_03","launch_stub_generated"
"occ_13_1161_00","cluster_coordination","0.01","0.02","0.03","0.02","0.04","src_anthropic_ei_2026_01_15|src_onet_30_1","anthropic_normalized|mode=release_2026_01_15"
"occ_13_1161_00","cluster_documentation","0.00","0.01","0.01","0.02","0.02","src_anthropic_ei_2026_01_15|src_onet_30_1","anthropic_normalized|mode=release_2026_01_15"
"occ_13_1161_00","cluster_drafting","0.82","0.60","0.47","0.35","0.57","src_onet_30_1|src_internal_stub_2026_03","launch_stub_generated"
"occ_13_1161_00","cluster_qa_review","0.70","0.72","0.36","0.24","0.49","src_onet_30_1|src_internal_stub_2026_03","launch_stub_generated"
"occ_13_1161_00","cluster_research_synthesis","0.09","0.13","0.14","0.06","0.52","src_anthropic_ei_2026_01_15|src_onet_30_1","anthropic_normalized|mode=release_2026_01_15"
"occ_13_1199_00","cluster_analysis","0.78","0.68","0.36","0.24","0.58","src_onet_30_1|src_internal_stub_2026_03","launch_stub_generated"
"occ_13_1199_00","cluster_client_interaction","0.58","0.72","0.15","0.03","0.54","src_onet_30_1|src_internal_stub_2026_03","launch_stub_generated"
"occ_13_1199_00","cluster_coordination","0.62","0.74","0.19","0.07","0.53","src_onet_30_1|src_internal_stub_2026_03","launch_stub_generated"
"occ_13_1199_00","cluster_decision_support","0.64","0.76","0.21","0.09","0.60","src_onet_30_1|src_internal_stub_2026_03","launch_stub_generated"
"occ_13_1199_00","cluster_documentation","0.74","0.62","0.39","0.27","0.50","src_onet_30_1|src_internal_stub_2026_03","launch_stub_generated"
"occ_13_1199_00","cluster_oversight_strategy","0.56","0.72","0.13","0.02","0.48","src_onet_30_1|src_internal_stub_2026_03","launch_stub_generated"
"occ_13_2011_00","cluster_analysis","0.21","0.31","0.57","0.49","0.72","src_anthropic_ei_2026_01_15|src_onet_30_1","anthropic_normalized|mode=release_2026_01_15"
"occ_13_2011_00","cluster_client_interaction","0.59","0.58","0.30","0.18","0.48","src_onet_30_1|src_internal_stub_2026_03","launch_stub_generated"
"occ_13_2011_00","cluster_decision_support","0.65","0.62","0.36","0.24","0.55","src_onet_30_1|src_internal_stub_2026_03","launch_stub_generated"
"occ_13_2011_00","cluster_documentation","0.01","0.03","0.03","0.02","0.04","src_anthropic_ei_2026_01_15|src_onet_30_1","anthropic_normalized|mode=release_2026_01_15"
"occ_13_2011_00","cluster_execution_routine","0.83","0.40","0.62","0.50","0.58","src_onet_30_1|src_internal_stub_2026_03","launch_stub_generated"
"occ_13_2011_00","cluster_qa_review","0.00","0.01","0.00","0.02","0.01","src_anthropic_ei_2026_01_15|src_onet_30_1","anthropic_normalized|mode=release_2026_01_15"
"occ_13_2011_00","cluster_workflow_admin","0.00","0.01","0.01","0.02","0.01","src_anthropic_ei_2026_01_15|src_onet_30_1","anthropic_normalized|mode=release_2026_01_15"
"occ_13_2051_00","cluster_analysis","0.13","0.16","0.37","0.29","0.58","src_anthropic_ei_2026_01_15|src_onet_30_1","anthropic_normalized|mode=release_2026_01_15"
"occ_13_2051_00","cluster_client_interaction","0.18","0.14","0.43","0.35","0.67","src_anthropic_ei_2026_01_15|src_onet_30_1","anthropic_normalized|mode=release_2026_01_15"
"occ_13_2051_00","cluster_decision_support","0.00","0.00","0.01","0.02","0.01","src_anthropic_ei_2026_01_15|src_onet_30_1","anthropic_normalized|mode=release_2026_01_15"
"occ_13_2051_00","cluster_documentation","0.00","0.01","0.01","0.02","0.01","src_anthropic_ei_2026_01_15|src_onet_30_1","anthropic_normalized|mode=release_2026_01_15"
"occ_13_2051_00","cluster_drafting","0.00","0.01","0.01","0.02","0.01","src_anthropic_ei_2026_01_15|src_onet_30_1","anthropic_normalized|mode=release_2026_01_15"
"occ_13_2051_00","cluster_execution_routine","0.83","0.40","0.62","0.50","0.58","src_onet_30_1|src_internal_stub_2026_03","launch_stub_generated"
"occ_13_2051_00","cluster_qa_review","0.69","0.60","0.47","0.35","0.54","src_onet_30_1|src_internal_stub_2026_03","launch_stub_generated"
"occ_15_1211_00","cluster_analysis","0.23","0.69","0.13","0.05","0.69","src_anthropic_ei_2026_01_15|src_onet_30_1","anthropic_normalized|mode=release_2026_01_15"
"occ_15_1211_00","cluster_coordination","0.03","0.05","0.04","0.02","0.09","src_anthropic_ei_2026_01_15|src_onet_30_1","anthropic_normalized|mode=release_2026_01_15"
"occ_15_1211_00","cluster_decision_support","0.01","0.02","0.02","0.02","0.03","src_anthropic_ei_2026_01_15|src_onet_30_1","anthropic_normalized|mode=release_2026_01_15"
"occ_15_1211_00","cluster_documentation","0.82","0.61","0.50","0.38","0.53","src_onet_30_1|src_internal_stub_2026_03","launch_stub_generated"
"occ_15_1211_00","cluster_drafting","0.36","0.53","0.37","0.29","0.86","src_anthropic_ei_2026_01_15|src_onet_30_1","anthropic_normalized|mode=release_2026_01_15"
"occ_15_1211_00","cluster_execution_routine","0.13","0.25","0.12","0.04","0.33","src_anthropic_ei_2026_01_15|src_onet_30_1","anthropic_normalized|mode=release_2026_01_15"
"occ_15_1211_00","cluster_oversight_strategy","0.64","0.71","0.24","0.12","0.49","src_onet_30_1|src_internal_stub_2026_03","launch_stub_generated"
"occ_15_1211_00","cluster_qa_review","0.18","0.30","0.17","0.09","0.43","src_anthropic_ei_2026_01_15|src_onet_30_1","anthropic_normalized|mode=release_2026_01_15"
"occ_15_1252_00","cluster_analysis","0.41","0.39","0.50","0.42","0.88","src_anthropic_ei_2026_01_15|src_onet_30_1","anthropic_normalized|mode=release_2026_01_15"
"occ_15_1252_00","cluster_client_interaction","0.00","0.01","0.00","0.02","0.01","src_anthropic_ei_2026_01_15|src_onet_30_1","anthropic_normalized|mode=release_2026_01_15"
"occ_15_1252_00","cluster_coordination","0.70","0.73","0.30","0.18","0.52","src_onet_30_1|src_internal_stub_2026_03","launch_stub_generated"
"occ_15_1252_00","cluster_decision_support","0.00","0.01","0.00","0.02","0.01","src_anthropic_ei_2026_01_15|src_onet_30_1","anthropic_normalized|mode=release_2026_01_15"
"occ_15_1252_00","cluster_documentation","0.01","0.02","0.01","0.02","0.02","src_anthropic_ei_2026_01_15|src_onet_30_1","anthropic_normalized|mode=release_2026_01_15"
"occ_15_1252_00","cluster_drafting","0.88","0.61","0.54","0.42","0.58","src_onet_30_1|src_internal_stub_2026_03","launch_stub_generated"
"occ_15_1252_00","cluster_oversight_strategy","0.64","0.71","0.24","0.12","0.49","src_onet_30_1|src_internal_stub_2026_03","launch_stub_generated"
"occ_15_1252_00","cluster_qa_review","0.76","0.73","0.43","0.31","0.56","src_onet_30_1|src_internal_stub_2026_03","launch_stub_generated"
"occ_15_1254_00","cluster_analysis","0.17","0.11","0.28","0.20","0.45","src_anthropic_ei_2026_01_15|src_onet_30_1","anthropic_normalized|mode=release_2026_01_15"
"occ_15_1254_00","cluster_coordination","0.00","0.01","0.01","0.02","0.02","src_anthropic_ei_2026_01_15|src_onet_30_1","anthropic_normalized|mode=release_2026_01_15"
"occ_15_1254_00","cluster_decision_support","0.03","0.06","0.03","0.02","0.07","src_anthropic_ei_2026_01_15|src_onet_30_1","anthropic_normalized|mode=release_2026_01_15"
"occ_15_1254_00","cluster_documentation","0.20","0.76","0.12","0.04","0.69","src_anthropic_ei_2026_01_15|src_onet_30_1","anthropic_normalized|mode=release_2026_01_15"
"occ_15_1254_00","cluster_drafting","0.31","0.35","0.32","0.24","0.73","src_anthropic_ei_2026_01_15|src_onet_30_1","anthropic_normalized|mode=release_2026_01_15"
"occ_15_1254_00","cluster_oversight_strategy","0.08","0.10","0.66","0.58","0.55","src_anthropic_ei_2026_01_15|src_onet_30_1","anthropic_normalized|mode=release_2026_01_15"
"occ_15_1254_00","cluster_qa_review","0.76","0.73","0.43","0.31","0.56","src_onet_30_1|src_internal_stub_2026_03","launch_stub_generated"
"occ_15_2031_00","cluster_analysis","0.19","0.21","0.12","0.04","0.62","src_anthropic_ei_2026_01_15|src_onet_30_1","anthropic_normalized|mode=release_2026_01_15"
"occ_15_2031_00","cluster_coordination","0.68","0.76","0.24","0.12","0.51","src_onet_30_1|src_internal_stub_2026_03","launch_stub_generated"
"occ_15_2031_00","cluster_decision_support","0.02","0.04","0.03","0.02","0.06","src_anthropic_ei_2026_01_15|src_onet_30_1","anthropic_normalized|mode=release_2026_01_15"
"occ_15_2031_00","cluster_drafting","0.01","0.03","0.02","0.02","0.03","src_anthropic_ei_2026_01_15|src_onet_30_1","anthropic_normalized|mode=release_2026_01_15"
"occ_15_2031_00","cluster_oversight_strategy","0.00","0.02","0.00","0.02","0.02","src_anthropic_ei_2026_01_15|src_onet_30_1","anthropic_normalized|mode=release_2026_01_15"
"occ_15_2031_00","cluster_qa_review","0.00","0.00","0.01","0.02","0.01","src_anthropic_ei_2026_01_15|src_onet_30_1","anthropic_normalized|mode=release_2026_01_15"
"occ_15_2031_00","cluster_relationship_management","0.12","0.79","0.18","0.10","0.78","src_anthropic_ei_2025_03_27|src_onet_30_1","anthropic_normalized"
"occ_15_2031_00","cluster_research_synthesis","0.82","0.68","0.40","0.28","0.56","src_onet_30_1|src_internal_stub_2026_03","launch_stub_generated"
"occ_15_2051_00","cluster_analysis","0.84","0.70","0.41","0.29","0.60","src_onet_30_1|src_internal_stub_2026_03","launch_stub_generated"
"occ_15_2051_00","cluster_coordination","0.68","0.76","0.24","0.12","0.51","src_onet_30_1|src_internal_stub_2026_03","launch_stub_generated"
"occ_15_2051_00","cluster_decision_support","0.70","0.78","0.26","0.14","0.57","src_onet_30_1|src_internal_stub_2026_03","launch_stub_generated"
"occ_15_2051_00","cluster_drafting","0.86","0.64","0.48","0.36","0.50","src_onet_30_1|src_internal_stub_2026_03","launch_stub_generated"
"occ_15_2051_00","cluster_qa_review","0.74","0.76","0.37","0.25","0.54","src_onet_30_1|src_internal_stub_2026_03","launch_stub_generated"
"occ_15_2051_00","cluster_research_synthesis","0.82","0.68","0.40","0.28","0.56","src_onet_30_1|src_internal_stub_2026_03","launch_stub_generated"
"occ_17_2072_00","cluster_analysis","0.17","0.19","0.11","0.03","0.60","src_anthropic_ei_2026_01_15|src_onet_30_1","anthropic_normalized|mode=release_2026_01_15"
"occ_17_2072_00","cluster_client_interaction","0.10","0.19","0.11","0.03","0.49","src_anthropic_ei_2026_01_15|src_onet_30_1","anthropic_normalized|mode=release_2026_01_15"
"occ_17_2072_00","cluster_coordination","0.51","0.58","0.11","0.02","0.50","src_onet_30_1|src_internal_stub_2026_03","launch_stub_generated"
"occ_17_2072_00","cluster_decision_support","0.02","0.00","0.16","0.08","0.32","src_anthropic_ei_2025_03_27|src_onet_30_1","anthropic_normalized"
"occ_17_2072_00","cluster_documentation","0.23","0.49","0.45","0.37","0.74","src_anthropic_ei_2026_01_15|src_onet_30_1","anthropic_normalized|mode=release_2026_01_15"
"occ_17_2072_00","cluster_drafting","0.23","0.68","0.12","0.04","0.69","src_anthropic_ei_2026_01_15|src_onet_30_1","anthropic_normalized|mode=release_2026_01_15"
"occ_17_2072_00","cluster_execution_routine","0.71","0.38","0.39","0.27","0.48","src_onet_30_1|src_internal_stub_2026_03","launch_stub_generated"
"occ_17_2072_00","cluster_oversight_strategy","0.45","0.56","0.05","0.02","0.48","src_onet_30_1|src_internal_stub_2026_03","launch_stub_generated"
"occ_17_2072_00","cluster_qa_review","0.22","0.60","0.39","0.31","0.71","src_anthropic_ei_2026_01_15|src_onet_30_1","anthropic_normalized|mode=release_2026_01_15"
"occ_17_2141_00","cluster_analysis","0.00","0.00","0.01","0.02","0.01","src_anthropic_ei_2026_01_15|src_onet_30_1","anthropic_normalized|mode=release_2026_01_15"
"occ_17_2141_00","cluster_client_interaction","0.00","0.01","0.01","0.02","0.02","src_anthropic_ei_2026_01_15|src_onet_30_1","anthropic_normalized|mode=release_2026_01_15"
"occ_17_2141_00","cluster_coordination","0.51","0.58","0.11","0.02","0.50","src_onet_30_1|src_internal_stub_2026_03","launch_stub_generated"
"occ_17_2141_00","cluster_decision_support","0.21","0.55","0.15","0.07","0.68","src_anthropic_ei_2026_01_15|src_onet_30_1","anthropic_normalized|mode=release_2026_01_15"
"occ_17_2141_00","cluster_documentation","0.22","0.19","0.68","0.60","0.68","src_anthropic_ei_2026_01_15|src_onet_30_1","anthropic_normalized|mode=release_2026_01_15"
"occ_17_2141_00","cluster_execution_routine","0.71","0.38","0.39","0.27","0.48","src_onet_30_1|src_internal_stub_2026_03","launch_stub_generated"
"occ_17_2141_00","cluster_oversight_strategy","0.45","0.56","0.05","0.02","0.48","src_onet_30_1|src_internal_stub_2026_03","launch_stub_generated"
"occ_17_2141_00","cluster_qa_review","0.57","0.58","0.24","0.12","0.57","src_onet_30_1|src_internal_stub_2026_03","launch_stub_generated"
"occ_23_1011_00","cluster_analysis","0.13","0.21","0.58","0.50","0.60","src_anthropic_ei_2026_01_15|src_onet_30_1","anthropic_normalized|mode=release_2026_01_15"
"occ_23_1011_00","cluster_client_interaction","0.09","0.11","0.10","0.02","0.49","src_anthropic_ei_2026_01_15|src_onet_30_1","anthropic_normalized|mode=release_2026_01_15"
"occ_23_1011_00","cluster_coordination","0.52","0.53","0.20","0.08","0.52","src_onet_30_1|src_internal_stub_2026_03","launch_stub_generated"
"occ_23_1011_00","cluster_decision_support","0.54","0.55","0.22","0.10","0.50","src_onet_30_1|src_internal_stub_2026_03","launch_stub_generated"
"occ_23_1011_00","cluster_documentation","0.64","0.41","0.40","0.28","0.58","src_onet_30_1|src_internal_stub_2026_03","launch_stub_generated"
"occ_23_1011_00","cluster_drafting","0.00","0.01","0.00","0.02","0.01","src_anthropic_ei_2026_01_15|src_onet_30_1","anthropic_normalized|mode=release_2026_01_15"
"occ_23_1011_00","cluster_execution_routine","0.00","0.01","0.01","0.02","0.01","src_anthropic_ei_2026_01_15|src_onet_30_1","anthropic_normalized|mode=release_2026_01_15"
"occ_23_1011_00","cluster_qa_review","0.58","0.53","0.33","0.21","0.55","src_onet_30_1|src_internal_stub_2026_03","launch_stub_generated"
"occ_23_1011_00","cluster_relationship_management","0.42","0.49","0.12","0.02","0.48","src_onet_30_1|src_internal_stub_2026_03","launch_stub_generated"
"occ_23_1011_00","cluster_research_synthesis","0.66","0.45","0.36","0.24","0.57","src_onet_30_1|src_internal_stub_2026_03","launch_stub_generated"
"occ_23_2011_00","cluster_client_interaction","0.48","0.51","0.16","0.04","0.49","src_onet_30_1|src_internal_stub_2026_03","launch_stub_generated"
"occ_23_2011_00","cluster_coordination","0.52","0.53","0.20","0.08","0.52","src_onet_30_1|src_internal_stub_2026_03","launch_stub_generated"
"occ_23_2011_00","cluster_decision_support","0.54","0.55","0.22","0.10","0.50","src_onet_30_1|src_internal_stub_2026_03","launch_stub_generated"
"occ_23_2011_00","cluster_documentation","0.19","0.54","0.43","0.35","0.72","src_anthropic_ei_2026_01_15|src_onet_30_1","anthropic_normalized|mode=release_2026_01_15"
"occ_23_2011_00","cluster_qa_review","0.58","0.53","0.33","0.21","0.55","src_onet_30_1|src_internal_stub_2026_03","launch_stub_generated"
"occ_23_2011_00","cluster_relationship_management","0.42","0.49","0.12","0.02","0.48","src_onet_30_1|src_internal_stub_2026_03","launch_stub_generated"
"occ_23_2011_00","cluster_research_synthesis","0.00","0.00","0.00","0.02","0.01","src_anthropic_ei_2026_01_15|src_onet_30_1","anthropic_normalized|mode=release_2026_01_15"
"occ_27_1024_00","cluster_client_interaction","0.17","0.15","0.45","0.36","0.62","src_anthropic_ei_2026_01_15|src_onet_30_1","anthropic_normalized|mode=release_2026_01_15"
"occ_27_1024_00","cluster_coordination","0.65","0.73","0.21","0.09","0.48","src_onet_30_1|src_internal_stub_2026_03","launch_stub_generated"
"occ_27_1024_00","cluster_documentation","0.77","0.61","0.41","0.29","0.46","src_onet_30_1|src_internal_stub_2026_03","launch_stub_generated"
"occ_27_1024_00","cluster_drafting","0.25","0.23","0.70","0.62","0.64","src_anthropic_ei_2026_01_15|src_onet_30_1","anthropic_normalized|mode=release_2026_01_15"
"occ_27_1024_00","cluster_oversight_strategy","0.59","0.71","0.15","0.03","0.47","src_onet_30_1|src_internal_stub_2026_03","launch_stub_generated"
"occ_27_1024_00","cluster_qa_review","0.10","0.19","0.12","0.04","0.50","src_anthropic_ei_2026_01_15|src_onet_30_1","anthropic_normalized|mode=release_2026_01_15"
"occ_27_1024_00","cluster_research_synthesis","0.10","0.62","0.12","0.04","0.59","src_anthropic_ei_2026_01_15|src_onet_30_1","anthropic_normalized|mode=release_2026_01_15"
"occ_27_3023_00","cluster_analysis","0.09","0.10","0.12","0.04","0.48","src_anthropic_ei_2026_01_15|src_onet_30_1","anthropic_normalized|mode=release_2026_01_15"
"occ_27_3023_00","cluster_client_interaction","0.59","0.66","0.16","0.04","0.51","src_onet_30_1|src_internal_stub_2026_03","launch_stub_generated"
"occ_27_3023_00","cluster_coordination","0.18","0.22","0.47","0.39","0.63","src_anthropic_ei_2026_01_15|src_onet_30_1","anthropic_normalized|mode=release_2026_01_15"
"occ_27_3023_00","cluster_documentation","0.13","0.24","0.58","0.50","0.67","src_anthropic_ei_2026_01_15|src_onet_30_1","anthropic_normalized|mode=release_2026_01_15"
"occ_27_3023_00","cluster_drafting","0.15","0.33","0.32","0.24","0.61","src_anthropic_ei_2026_01_15|src_onet_30_1","anthropic_normalized|mode=release_2026_01_15"
"occ_27_3023_00","cluster_oversight_strategy","0.57","0.66","0.14","0.02","0.46","src_onet_30_1|src_internal_stub_2026_03","launch_stub_generated"
"occ_27_3023_00","cluster_qa_review","0.21","0.19","0.42","0.34","0.68","src_anthropic_ei_2026_01_15|src_onet_30_1","anthropic_normalized|mode=release_2026_01_15"
"occ_27_3023_00","cluster_relationship_management","0.53","0.64","0.12","0.02","0.47","src_onet_30_1|src_internal_stub_2026_03","launch_stub_generated"
"occ_27_3023_00","cluster_research_synthesis","0.07","0.10","0.08","0.02","0.49","src_anthropic_ei_2026_01_15|src_onet_30_1","anthropic_normalized|mode=release_2026_01_15"
"occ_27_3031_00","cluster_client_interaction","0.23","0.20","0.72","0.64","0.72","src_anthropic_ei_2026_01_15|src_onet_30_1","anthropic_normalized|mode=release_2026_01_15"
"occ_27_3031_00","cluster_coordination","0.24","0.17","0.78","0.70","0.71","src_anthropic_ei_2026_01_15|src_onet_30_1","anthropic_normalized|mode=release_2026_01_15"
"occ_27_3031_00","cluster_documentation","0.04","0.09","0.05","0.02","0.11","src_anthropic_ei_2026_01_15|src_onet_30_1","anthropic_normalized|mode=release_2026_01_15"
"occ_27_3031_00","cluster_drafting","0.23","0.59","0.26","0.18","0.71","src_anthropic_ei_2026_01_15|src_onet_30_1","anthropic_normalized|mode=release_2026_01_15"
"occ_27_3031_00","cluster_execution_routine","0.08","0.57","0.40","0.32","0.78","src_anthropic_ei_2025_03_27|src_onet_30_1","anthropic_normalized"
"occ_27_3031_00","cluster_oversight_strategy","0.21","0.19","0.11","0.03","0.61","src_anthropic_ei_2026_01_15|src_onet_30_1","anthropic_normalized|mode=release_2026_01_15"
"occ_27_3031_00","cluster_qa_review","0.67","0.70","0.31","0.19","0.47","src_onet_30_1|src_internal_stub_2026_03","launch_stub_generated"
"occ_27_3031_00","cluster_relationship_management","0.51","0.66","0.10","0.02","0.56","src_onet_30_1|src_internal_stub_2026_03","launch_stub_generated"
"occ_27_3031_00","cluster_research_synthesis","0.75","0.62","0.34","0.22","0.52","src_onet_30_1|src_internal_stub_2026_03","launch_stub_generated"
"occ_27_3041_00","cluster_analysis","0.03","0.08","0.04","0.02","0.11","src_anthropic_ei_2026_01_15|src_onet_30_1","anthropic_normalized|mode=release_2026_01_15"
"occ_27_3041_00","cluster_client_interaction","0.62","0.67","0.28","0.16","0.45","src_onet_30_1|src_internal_stub_2026_03","launch_stub_generated"
"occ_27_3041_00","cluster_coordination","0.66","0.69","0.32","0.20","0.48","src_onet_30_1|src_internal_stub_2026_03","launch_stub_generated"
"occ_27_3041_00","cluster_decision_support","0.20","0.65","0.34","0.26","0.73","src_anthropic_ei_2026_01_15|src_onet_30_1","anthropic_normalized|mode=release_2026_01_15"
"occ_27_3041_00","cluster_documentation","0.78","0.57","0.52","0.40","0.52","src_onet_30_1|src_internal_stub_2026_03","launch_stub_generated"
"occ_27_3041_00","cluster_drafting","0.17","0.23","0.27","0.19","0.61","src_anthropic_ei_2026_01_15|src_onet_30_1","anthropic_normalized|mode=release_2026_01_15"
"occ_27_3041_00","cluster_oversight_strategy","0.16","0.10","0.45","0.36","0.57","src_anthropic_ei_2026_01_15|src_onet_30_1","anthropic_normalized|mode=release_2026_01_15"
"occ_27_3041_00","cluster_qa_review","0.00","0.02","0.01","0.02","0.02","src_anthropic_ei_2026_01_15|src_onet_30_1","anthropic_normalized|mode=release_2026_01_15"
"occ_27_3041_00","cluster_research_synthesis","0.80","0.61","0.48","0.36","0.55","src_onet_30_1|src_internal_stub_2026_03","launch_stub_generated"
"occ_27_3042_00","cluster_client_interaction","0.62","0.67","0.28","0.16","0.45","src_onet_30_1|src_internal_stub_2026_03","launch_stub_generated"
"occ_27_3042_00","cluster_coordination","0.66","0.69","0.32","0.20","0.48","src_onet_30_1|src_internal_stub_2026_03","launch_stub_generated"
"occ_27_3042_00","cluster_documentation","0.10","0.20","0.12","0.04","0.50","src_anthropic_ei_2026_01_15|src_onet_30_1","anthropic_normalized|mode=release_2026_01_15"
"occ_27_3042_00","cluster_drafting","0.25","0.35","0.22","0.14","0.71","src_anthropic_ei_2026_01_15|src_onet_30_1","anthropic_normalized|mode=release_2026_01_15"
"occ_27_3042_00","cluster_oversight_strategy","0.60","0.67","0.26","0.14","0.47","src_onet_30_1|src_internal_stub_2026_03","launch_stub_generated"
"occ_27_3042_00","cluster_qa_review","0.00","0.02","0.01","0.02","0.02","src_anthropic_ei_2026_01_15|src_onet_30_1","anthropic_normalized|mode=release_2026_01_15"
"occ_27_3042_00","cluster_research_synthesis","0.80","0.61","0.48","0.36","0.55","src_onet_30_1|src_internal_stub_2026_03","launch_stub_generated"
"occ_27_3042_00","cluster_workflow_admin","0.02","0.06","0.05","0.02","0.09","src_anthropic_ei_2026_01_15|src_onet_30_1","anthropic_normalized|mode=release_2026_01_15"
"occ_27_3043_00","cluster_client_interaction","0.19","0.32","0.21","0.13","0.62","src_anthropic_ei_2026_01_15|src_onet_30_1","anthropic_normalized|mode=release_2026_01_15"
"occ_27_3043_00","cluster_coordination","0.20","0.50","0.50","0.42","0.72","src_anthropic_ei_2026_01_15|src_onet_30_1","anthropic_normalized|mode=release_2026_01_15"
"occ_27_3043_00","cluster_documentation","0.77","0.61","0.41","0.29","0.46","src_onet_30_1|src_internal_stub_2026_03","launch_stub_generated"
"occ_27_3043_00","cluster_drafting","0.17","0.16","0.40","0.32","0.60","src_anthropic_ei_2026_01_15|src_onet_30_1","anthropic_normalized|mode=release_2026_01_15"
"occ_27_3043_00","cluster_oversight_strategy","0.59","0.71","0.15","0.03","0.47","src_onet_30_1|src_internal_stub_2026_03","launch_stub_generated"
"occ_27_3043_00","cluster_qa_review","0.23","0.10","0.72","0.64","0.66","src_anthropic_ei_2026_01_15|src_onet_30_1","anthropic_normalized|mode=release_2026_01_15"
"occ_27_3043_00","cluster_research_synthesis","0.23","0.16","0.70","0.62","0.69","src_anthropic_ei_2026_01_15|src_onet_30_1","anthropic_normalized|mode=release_2026_01_15"
"occ_41_3011_00","cluster_client_interaction","0.23","0.38","0.49","0.41","0.70","src_anthropic_ei_2026_01_15|src_onet_30_1","anthropic_normalized|mode=release_2026_01_15"
"occ_41_3011_00","cluster_coordination","0.24","0.19","0.77","0.69","0.70","src_anthropic_ei_2026_01_15|src_onet_30_1","anthropic_normalized|mode=release_2026_01_15"
"occ_41_3011_00","cluster_decision_support","0.25","0.65","0.40","0.32","0.74","src_anthropic_ei_2026_01_15|src_onet_30_1","anthropic_normalized|mode=release_2026_01_15"
"occ_41_3011_00","cluster_documentation","0.61","0.47","0.32","0.20","0.46","src_onet_30_1|src_internal_stub_2026_03","launch_stub_generated"
"occ_41_3011_00","cluster_drafting","0.23","0.14","0.43","0.35","0.69","src_anthropic_ei_2026_01_15|src_onet_30_1","anthropic_normalized|mode=release_2026_01_15"
"occ_41_3011_00","cluster_execution_routine","0.22","0.15","0.65","0.57","0.73","src_anthropic_ei_2026_01_15|src_onet_30_1","anthropic_normalized|mode=release_2026_01_15"
"occ_41_3011_00","cluster_relationship_management","0.23","0.10","0.80","0.72","0.69","src_anthropic_ei_2026_01_15|src_onet_30_1","anthropic_normalized|mode=release_2026_01_15"
"occ_41_3011_00","cluster_research_synthesis","0.01","0.00","0.00","0.02","0.19","src_anthropic_ei_2025_03_27|src_onet_30_1","anthropic_normalized"
"occ_41_3011_00","cluster_workflow_admin","0.65","0.45","0.36","0.24","0.47","src_onet_30_1|src_internal_stub_2026_03","launch_stub_generated"
"occ_41_3091_00","cluster_client_interaction","0.01","0.01","0.02","0.02","0.02","src_anthropic_ei_2026_01_15|src_onet_30_1","anthropic_normalized|mode=release_2026_01_15"
"occ_41_3091_00","cluster_coordination","0.49","0.59","0.12","0.02","0.50","src_onet_30_1|src_internal_stub_2026_03","launch_stub_generated"
"occ_41_3091_00","cluster_decision_support","0.51","0.61","0.14","0.02","0.48","src_onet_30_1|src_internal_stub_2026_03","launch_stub_generated"
"occ_41_3091_00","cluster_documentation","0.61","0.47","0.32","0.20","0.46","src_onet_30_1|src_internal_stub_2026_03","launch_stub_generated"
"occ_41_3091_00","cluster_relationship_management","0.00","0.00","0.01","0.02","0.01","src_anthropic_ei_2026_01_15|src_onet_30_1","anthropic_normalized|mode=release_2026_01_15"
"occ_41_3091_00","cluster_research_synthesis","0.63","0.51","0.28","0.16","0.48","src_onet_30_1|src_internal_stub_2026_03","launch_stub_generated"
"occ_41_3091_00","cluster_workflow_admin","0.65","0.45","0.36","0.24","0.47","src_onet_30_1|src_internal_stub_2026_03","launch_stub_generated"
"occ_43_3031_00","cluster_analysis","0.20","0.15","0.47","0.39","0.68","src_anthropic_ei_2026_01_15|src_onet_30_1","anthropic_normalized|mode=release_2026_01_15"
"occ_43_3031_00","cluster_client_interaction","0.59","0.58","0.30","0.18","0.48","src_onet_30_1|src_internal_stub_2026_03","launch_stub_generated"
"occ_43_3031_00","cluster_decision_support","0.08","0.21","0.09","0.02","0.50","src_anthropic_ei_2026_01_15|src_onet_30_1","anthropic_normalized|mode=release_2026_01_15"
"occ_43_3031_00","cluster_documentation","0.02","0.03","0.04","0.02","0.06","src_anthropic_ei_2026_01_15|src_onet_30_1","anthropic_normalized|mode=release_2026_01_15"
"occ_43_3031_00","cluster_execution_routine","0.14","0.12","0.32","0.24","0.57","src_anthropic_ei_2026_01_15|src_onet_30_1","anthropic_normalized|mode=release_2026_01_15"
"occ_43_3031_00","cluster_qa_review","0.00","0.01","0.01","0.02","0.02","src_anthropic_ei_2026_01_15|src_onet_30_1","anthropic_normalized|mode=release_2026_01_15"
"occ_43_4051_00","cluster_client_interaction","0.10","0.12","0.22","0.14","0.32","src_anthropic_ei_2026_01_15|src_onet_30_1","anthropic_normalized|mode=release_2026_01_15"
"occ_43_4051_00","cluster_coordination","0.22","0.19","0.70","0.62","0.74","src_anthropic_ei_2026_01_15|src_onet_30_1","anthropic_normalized|mode=release_2026_01_15"
"occ_43_4051_00","cluster_decision_support","0.57","0.68","0.27","0.15","0.48","src_onet_30_1|src_internal_stub_2026_03","launch_stub_generated"
"occ_43_4051_00","cluster_documentation","0.16","0.18","0.59","0.51","0.63","src_anthropic_ei_2026_01_15|src_onet_30_1","anthropic_normalized|mode=release_2026_01_15"
"occ_43_4051_00","cluster_execution_routine","0.75","0.46","0.53","0.41","0.58","src_onet_30_1|src_internal_stub_2026_03","launch_stub_generated"
"occ_43_4051_00","cluster_qa_review","0.15","0.66","0.27","0.19","0.70","src_anthropic_ei_2026_01_15|src_onet_30_1","anthropic_normalized|mode=release_2026_01_15"
"occ_43_4051_00","cluster_workflow_admin","0.71","0.52","0.49","0.37","0.55","src_onet_30_1|src_internal_stub_2026_03","launch_stub_generated"
"occ_43_6011_00","cluster_client_interaction","0.56","0.60","0.33","0.21","0.49","src_onet_30_1|src_internal_stub_2026_03","launch_stub_generated"
"occ_43_6011_00","cluster_coordination","0.60","0.62","0.37","0.25","0.56","src_onet_30_1|src_internal_stub_2026_03","launch_stub_generated"
"occ_43_6011_00","cluster_documentation","0.16","0.15","0.40","0.32","0.61","src_anthropic_ei_2026_01_15|src_onet_30_1","anthropic_normalized|mode=release_2026_01_15"
"occ_43_6011_00","cluster_drafting","0.02","0.04","0.03","0.02","0.06","src_anthropic_ei_2026_01_15|src_onet_30_1","anthropic_normalized|mode=release_2026_01_15"
"occ_43_6011_00","cluster_execution_routine","0.80","0.42","0.65","0.53","0.58","src_onet_30_1|src_internal_stub_2026_03","launch_stub_generated"
"occ_43_6011_00","cluster_oversight_strategy","0.01","0.00","0.00","0.02","0.21","src_anthropic_ei_2025_03_27|src_onet_30_1","anthropic_normalized"
"occ_43_6011_00","cluster_qa_review","0.00","0.01","0.01","0.02","0.02","src_anthropic_ei_2026_01_15|src_onet_30_1","anthropic_normalized|mode=release_2026_01_15"
"occ_43_6011_00","cluster_research_synthesis","0.01","0.02","0.02","0.02","0.03","src_anthropic_ei_2026_01_15|src_onet_30_1","anthropic_normalized|mode=release_2026_01_15"
"occ_43_6011_00","cluster_workflow_admin","0.23","0.36","0.54","0.46","0.72","src_anthropic_ei_2026_01_15|src_onet_30_1","anthropic_normalized|mode=release_2026_01_15"
"occ_43_6014_00","cluster_client_interaction","0.01","0.01","0.03","0.02","0.03","src_anthropic_ei_2026_01_15|src_onet_30_1","anthropic_normalized|mode=release_2026_01_15"
"occ_43_6014_00","cluster_coordination","0.01","0.00","0.00","0.02","0.19","src_anthropic_ei_2025_03_27|src_onet_30_1","anthropic_normalized"
"occ_43_6014_00","cluster_documentation","0.07","0.11","0.07","0.02","0.50","src_anthropic_ei_2026_01_15|src_onet_30_1","anthropic_normalized|mode=release_2026_01_15"
"occ_43_6014_00","cluster_drafting","0.06","0.10","0.10","0.02","0.17","src_anthropic_ei_2026_01_15|src_onet_30_1","anthropic_normalized|mode=release_2026_01_15"
"occ_43_6014_00","cluster_execution_routine","0.24","0.17","0.66","0.58","0.74","src_anthropic_ei_2026_01_15|src_onet_30_1","anthropic_normalized|mode=release_2026_01_15"
"occ_43_6014_00","cluster_oversight_strategy","0.00","0.01","0.01","0.02","0.02","src_anthropic_ei_2026_01_15|src_onet_30_1","anthropic_normalized|mode=release_2026_01_15"
"occ_43_6014_00","cluster_qa_review","0.03","0.30","0.25","0.17","0.54","src_anthropic_ei_2025_03_27|src_onet_30_1","anthropic_normalized"
"occ_43_6014_00","cluster_workflow_admin","0.06","0.08","0.16","0.08","0.23","src_anthropic_ei_2026_01_15|src_onet_30_1","anthropic_normalized|mode=release_2026_01_15"
"occ_43_9061_00","cluster_client_interaction","0.00","0.00","0.00","0.02","0.01","src_anthropic_ei_2026_01_15|src_onet_30_1","anthropic_normalized|mode=release_2026_01_15"
"occ_43_9061_00","cluster_coordination","0.60","0.62","0.37","0.25","0.56","src_onet_30_1|src_internal_stub_2026_03","launch_stub_generated"
"occ_43_9061_00","cluster_documentation","0.03","0.04","0.08","0.02","0.10","src_anthropic_ei_2026_01_15|src_onet_30_1","anthropic_normalized|mode=release_2026_01_15"
"occ_43_9061_00","cluster_execution_routine","0.80","0.42","0.65","0.53","0.58","src_onet_30_1|src_internal_stub_2026_03","launch_stub_generated"
"occ_43_9061_00","cluster_oversight_strategy","0.00","0.00","0.00","0.02","0.01","src_anthropic_ei_2026_01_15|src_onet_30_1","anthropic_normalized|mode=release_2026_01_15"
"occ_43_9061_00","cluster_qa_review","0.66","0.62","0.50","0.38","0.50","src_onet_30_1|src_internal_stub_2026_03","launch_stub_generated"
"occ_43_9061_00","cluster_research_synthesis","0.09","0.10","0.11","0.03","0.43","src_anthropic_ei_2026_01_15|src_onet_30_1","anthropic_normalized|mode=release_2026_01_15"
"occ_43_9061_00","cluster_workflow_admin","0.27","0.53","0.22","0.14","0.64","src_anthropic_ei_2026_01_15|src_onet_30_1","anthropic_normalized|mode=release_2026_01_15"
"occ_43_9111_00","cluster_analysis","0.13","0.39","0.23","0.15","0.64","src_anthropic_ei_2026_01_15|src_onet_30_1","anthropic_normalized|mode=release_2026_01_15"
"occ_43_9111_00","cluster_client_interaction","0.00","0.01","0.00","0.02","0.01","src_anthropic_ei_2026_01_15|src_onet_30_1","anthropic_normalized|mode=release_2026_01_15"
"occ_43_9111_00","cluster_coordination","0.68","0.76","0.24","0.12","0.51","src_onet_30_1|src_internal_stub_2026_03","launch_stub_generated"
"occ_43_9111_00","cluster_decision_support","0.70","0.78","0.26","0.14","0.57","src_onet_30_1|src_internal_stub_2026_03","launch_stub_generated"
"occ_43_9111_00","cluster_drafting","0.86","0.64","0.48","0.36","0.50","src_onet_30_1|src_internal_stub_2026_03","launch_stub_generated"
"occ_43_9111_00","cluster_execution_routine","0.00","0.00","0.01","0.02","0.01","src_anthropic_ei_2026_01_15|src_onet_30_1","anthropic_normalized|mode=release_2026_01_15"
"occ_43_9111_00","cluster_qa_review","0.74","0.76","0.37","0.25","0.54","src_onet_30_1|src_internal_stub_2026_03","launch_stub_generated"
"occ_43_9111_00","cluster_research_synthesis","0.82","0.68","0.40","0.28","0.56","src_onet_30_1|src_internal_stub_2026_03","launch_stub_generated"
"occ_43_9111_00","cluster_workflow_admin","0.20","0.20","0.52","0.44","0.75","src_anthropic_ei_2026_01_15|src_onet_30_1","anthropic_normalized|mode=release_2026_01_15"
